location,population,time_period
RVc3XoVoNRf,4701058.543803632,201501
RVc3XoVoNRf,4701058.543803632,201502
RVc3XoVoNRf,4701058.543803632,201503
RVc3XoVoNRf,4701058.543803632,201504
RVc3XoVoNRf,4701058.543803632,201505
RVc3XoVoNRf,4701058.543803632,201506
RVc3XoVoNRf,4701058.543803632,201507
RVc3XoVoNRf,4701058.543803632,201508
RVc3XoVoNRf,4701058.543803632,201509
RVc3XoVoNRf,4701058.543803632,201510
RVc3XoVoNRf,4701058.543803632,201511
RVc3XoVoNRf,4701058.543803632,201512
RVc3XoVoNRf,4733186.5286988355,201601
RVc3XoVoNRf,4733186.5286988355,201602
RVc3XoVoNRf,4733186.5286988355,201603
RVc3XoVoNRf,4733186.5286988355,201604
RVc3XoVoNRf,4733186.5286988355,201605
RVc3XoVoNRf,4733186.5286988355,201606
RVc3XoVoNRf,4733186.5286988355,201607
RVc3XoVoNRf,4733186.5286988355,201608
RVc3XoVoNRf,4733186.5286988355,201609
RVc3XoVoNRf,4733186.5286988355,201610
RVc3XoVoNRf,4733186.5286988355,201611
RVc3XoVoNRf,4733186.5286988355,201612
RVc3XoVoNRf,4745758.979152053,201701
RVc3XoVoNRf,4745758.979152053,201702
RVc3XoVoNRf,4745758.979152053,201703
RVc3XoVoNRf,4745758.979152053,201704
RVc3XoVoNRf,4745758.979152053,201705
RVc3XoVoNRf,4745758.979152053,201706
RVc3XoVoNRf,4745758.979152053,201707
RVc3XoVoNRf,4745758.979152053,201708
RVc3XoVoNRf,4745758.979152053,201709
RVc3XoVoNRf,4745758.979152053,201710
RVc3XoVoNRf,4745758.979152053,201711
RVc3XoVoNRf,4745758.979152053,201712
RVc3XoVoNRf,4752103.479463559,201801
RVc3XoVoNRf,4752103.479463559,201802
RVc3XoVoNRf,4752103.479463559,201803
RVc3XoVoNRf,4752103.479463559,201804
RVc3XoVoNRf,4752103.479463559,201805
RVc3XoVoNRf,4752103.479463559,201806
RVc3XoVoNRf,4752103.479463559,201807
RVc3XoVoNRf,4752103.479463559,201808
RVc3XoVoNRf,4752103.479463559,201809
RVc3XoVoNRf,4752103.479463559,201810
RVc3XoVoNRf,4752103.479463559,201811
RVc3XoVoNRf,4752103.479463559,201812
RVc3XoVoNRf,4768957.954179183,201901
RVc3XoVoNRf,4768957.954179183,201902
RVc3XoVoNRf,4768957.954179183,201903
RVc3XoVoNRf,4768957.954179183,201904
RVc3XoVoNRf,4768957.954179183,201905
RVc3XoVoNRf,4768957.954179183,201906
RVc3XoVoNRf,4768957.954179183,201907
RVc3XoVoNRf,4768957.954179183,201908
RVc3XoVoNRf,4768957.954179183,201909
RVc3XoVoNRf,4768957.954179183,201910
RVc3XoVoNRf,4768957.954179183,201911
RVc3XoVoNRf,4768957.954179183,201912
RVc3XoVoNRf,4865452.409096746,202001
RVc3XoVoNRf,4865452.409096746,202002
RVc3XoVoNRf,4865452.409096746,202003
RVc3XoVoNRf,4865452.409096746,202004
RVc3XoVoNRf,4865452.409096746,202005
RVc3XoVoNRf,4865452.409096746,202006
RVc3XoVoNRf,4865452.409096746,202007
RVc3XoVoNRf,4865452.409096746,202008
RVc3XoVoNRf,4865452.409096746,202009
RVc3XoVoNRf,4865452.409096746,202010
RVc3XoVoNRf,4865452.409096746,202011
RVc3XoVoNRf,4865452.409096746,202012
RVc3XoVoNRf,4956257.959133798,202101
RVc3XoVoNRf,4956257.959133798,202102
RVc3XoVoNRf,4956257.959133798,202103
RVc3XoVoNRf,4956257.959133798,202104
RVc3XoVoNRf,4956257.959133798,202105
RVc3XoVoNRf,4956257.959133798,202106
RVc3XoVoNRf,4956257.959133798,202107
RVc3XoVoNRf,4956257.959133798,202108
RVc3XoVoNRf,4956257.959133798,202109
RVc3XoVoNRf,4956257.959133798,202110
RVc3XoVoNRf,4956257.959133798,202111
RVc3XoVoNRf,4956257.959133798,202112
RVc3XoVoNRf,5037845.96857443,202201
RVc3XoVoNRf,5037845.96857443,202202
RVc3XoVoNRf,5037845.96857443,202203
RVc3XoVoNRf,5037845.96857443,202204
RVc3XoVoNRf,5037845.96857443,202205
RVc3XoVoNRf,5037845.96857443,202206
RVc3XoVoNRf,5037845.96857443,202207
RVc3XoVoNRf,5037845.96857443,202208
RVc3XoVoNRf,5037845.96857443,202209
RVc3XoVoNRf,5037845.96857443,202210
RVc3XoVoNRf,5037845.96857443,202211
RVc3XoVoNRf,5037845.96857443,202212
RVc3XoVoNRf,5037792.762657144,202301
RVc3XoVoNRf,5037792.762657144,202302
RVc3XoVoNRf,5037792.762657144,202303
RVc3XoVoNRf,5037792.762657144,202304
RVc3XoVoNRf,5037792.762657144,202305
RVc3XoVoNRf,5037792.762657144,202306
RVc3XoVoNRf,5037792.762657144,202307
RVc3XoVoNRf,5037792.762657144,202308
RVc3XoVoNRf,5037792.762657144,202309
RVc3XoVoNRf,5037792.762657144,202310
RVc3XoVoNRf,5037792.762657144,202311
RVc3XoVoNRf,5037792.762657144,202312
RVc3XoVoNRf,5030785.242864358,202401
RVc3XoVoNRf,5030785.242864358,202402
RVc3XoVoNRf,5030785.242864358,202403
RVc3XoVoNRf,5030785.242864358,202404
RVc3XoVoNRf,5030785.242864358,202405
RVc3XoVoNRf,5030785.242864358,202406
RVc3XoVoNRf,5030785.242864358,202407
RVc3XoVoNRf,5030785.242864358,202408
RVc3XoVoNRf,5030785.242864358,202409
RVc3XoVoNRf,5030785.242864358,202410
RVc3XoVoNRf,5030785.242864358,202411
RVc3XoVoNRf,5030785.242864358,202412
RVc3XoVoNRf,5023021.149417394,202501
RVc3XoVoNRf,5023021.149417394,202502
RVc3XoVoNRf,5023021.149417394,202503
RVc3XoVoNRf,5023021.149417394,202504
RVc3XoVoNRf,5023021.149417394,202505
RVc3XoVoNRf,5023021.149417394,202506
RVc3XoVoNRf,5023021.149417394,202507
RVc3XoVoNRf,5023021.149417394,202508
RVc3XoVoNRf,5023021.149417394,202509
RVc3XoVoNRf,5023021.149417394,202510
RVc3XoVoNRf,5023021.149417394,202511
RVc3XoVoNRf,5023021.149417394,202512
RVc3XoVoNRf,5019616.19895477,202601
RVc3XoVoNRf,5019616.19895477,202602
RVc3XoVoNRf,5019616.19895477,202603
RVc3XoVoNRf,5019616.19895477,202604
RVc3XoVoNRf,5019616.19895477,202605
RVc3XoVoNRf,5019616.19895477,202606
RVc3XoVoNRf,5019616.19895477,202607
RVc3XoVoNRf,5019616.19895477,202608
RVc3XoVoNRf,5019616.19895477,202609
RVc3XoVoNRf,5019616.19895477,202610
RVc3XoVoNRf,5019616.19895477,202611
RVc3XoVoNRf,5019616.19895477,202612
RVc3XoVoNRf,5026850.510818902,202701
RVc3XoVoNRf,5026850.510818902,202702
RVc3XoVoNRf,5026850.510818902,202703
RVc3XoVoNRf,5026850.510818902,202704
RVc3XoVoNRf,5026850.510818902,202705
RVc3XoVoNRf,5026850.510818902,202706
RVc3XoVoNRf,5026850.510818902,202707
RVc3XoVoNRf,5026850.510818902,202708
RVc3XoVoNRf,5026850.510818902,202709
RVc3XoVoNRf,5026850.510818902,202710
RVc3XoVoNRf,5026850.510818902,202711
RVc3XoVoNRf,5026850.510818902,202712
RVc3XoVoNRf,5052764.880384151,202801
RVc3XoVoNRf,5052764.880384151,202802
RVc3XoVoNRf,5052764.880384151,202803
RVc3XoVoNRf,5052764.880384151,202804
RVc3XoVoNRf,5052764.880384151,202805
RVc3XoVoNRf,5052764.880384151,202806
RVc3XoVoNRf,5052764.880384151,202807
RVc3XoVoNRf,5052764.880384151,202808
RVc3XoVoNRf,5052764.880384151,202809
RVc3XoVoNRf,5052764.880384151,202810
RVc3XoVoNRf,5052764.880384151,202811
RVc3XoVoNRf,5052764.880384151,202812
RVc3XoVoNRf,5101597.011256017,202901
RVc3XoVoNRf,5101597.011256017,202902
RVc3XoVoNRf,5101597.011256017,202903
RVc3XoVoNRf,5101597.011256017,202904
RVc3XoVoNRf,5101597.011256017,202905
RVc3XoVoNRf,5101597.011256017,202906
RVc3XoVoNRf,5101597.011256017,202907
RVc3XoVoNRf,5101597.011256017,202908
RVc3XoVoNRf,5101597.011256017,202909
RVc3XoVoNRf,5101597.011256017,202910
RVc3XoVoNRf,5101597.011256017,202911
RVc3XoVoNRf,5101597.011256017,202912
RVc3XoVoNRf,5149249.089149024,203001
RVc3XoVoNRf,5149249.089149024,203002
RVc3XoVoNRf,5149249.089149024,203003
RVc3XoVoNRf,5149249.089149024,203004
RVc3XoVoNRf,5149249.089149024,203005
RVc3XoVoNRf,5149249.089149024,203006
RVc3XoVoNRf,5149249.089149024,203007
RVc3XoVoNRf,5149249.089149024,203008
RVc3XoVoNRf,5149249.089149024,203009
RVc3XoVoNRf,5149249.089149024,203010
RVc3XoVoNRf,5149249.089149024,203011
RVc3XoVoNRf,5149249.089149024,203012
a6W190BanBu,5832141.306770893,201501
a6W190BanBu,5832141.306770893,201502
a6W190BanBu,5832141.306770893,201503
a6W190BanBu,5832141.306770893,201504
a6W190BanBu,5832141.306770893,201505
a6W190BanBu,5832141.306770893,201506
a6W190BanBu,5832141.306770893,201507
a6W190BanBu,5832141.306770893,201508
a6W190BanBu,5832141.306770893,201509
a6W190BanBu,5832141.306770893,201510
a6W190BanBu,5832141.306770893,201511
a6W190BanBu,5832141.306770893,201512
a6W190BanBu,5872005.689693291,201601
a6W190BanBu,5872005.689693291,201602
a6W190BanBu,5872005.689693291,201603
a6W190BanBu,5872005.689693291,201604
a6W190BanBu,5872005.689693291,201605
a6W190BanBu,5872005.689693291,201606
a6W190BanBu,5872005.689693291,201607
a6W190BanBu,5872005.689693291,201608
a6W190BanBu,5872005.689693291,201609
a6W190BanBu,5872005.689693291,201610
a6W190BanBu,5872005.689693291,201611
a6W190BanBu,5872005.689693291,201612
a6W190BanBu,5887605.577506447,201701
a6W190BanBu,5887605.577506447,201702
a6W190BanBu,5887605.577506447,201703
a6W190BanBu,5887605.577506447,201704
a6W190BanBu,5887605.577506447,201705
a6W190BanBu,5887605.577506447,201706
a6W190BanBu,5887605.577506447,201707
a6W190BanBu,5887605.577506447,201708
a6W190BanBu,5887605.577506447,201709
a6W190BanBu,5887605.577506447,201710
a6W190BanBu,5887605.577506447,201711
a6W190BanBu,5887605.577506447,201712
a6W190BanBu,5895478.658259761,201801
a6W190BanBu,5895478.658259761,201802
a6W190BanBu,5895478.658259761,201803
a6W190BanBu,5895478.658259761,201804
a6W190BanBu,5895478.658259761,201805
a6W190BanBu,5895478.658259761,201806
a6W190BanBu,5895478.658259761,201807
a6W190BanBu,5895478.658259761,201808
a6W190BanBu,5895478.658259761,201809
a6W190BanBu,5895478.658259761,201810
a6W190BanBu,5895478.658259761,201811
a6W190BanBu,5895478.658259761,201812
a6W190BanBu,5916391.784793828,201901
a6W190BanBu,5916391.784793828,201902
a6W190BanBu,5916391.784793828,201903
a6W190BanBu,5916391.784793828,201904
a6W190BanBu,5916391.784793828,201905
a6W190BanBu,5916391.784793828,201906
a6W190BanBu,5916391.784793828,201907
a6W190BanBu,5916391.784793828,201908
a6W190BanBu,5916391.784793828,201909
a6W190BanBu,5916391.784793828,201910
a6W190BanBu,5916391.784793828,201911
a6W190BanBu,5916391.784793828,201912
a6W190BanBu,6036138.759106018,202001
a6W190BanBu,6036138.759106018,202002
a6W190BanBu,6036138.759106018,202003
a6W190BanBu,6036138.759106018,202004
a6W190BanBu,6036138.759106018,202005
a6W190BanBu,6036138.759106018,202006
a6W190BanBu,6036138.759106018,202007
a6W190BanBu,6036138.759106018,202008
a6W190BanBu,6036138.759106018,202009
a6W190BanBu,6036138.759106018,202010
a6W190BanBu,6036138.759106018,202011
a6W190BanBu,6036138.759106018,202012
a6W190BanBu,6148803.658778688,202101
a6W190BanBu,6148803.658778688,202102
a6W190BanBu,6148803.658778688,202103
a6W190BanBu,6148803.658778688,202104
a6W190BanBu,6148803.658778688,202105
a6W190BanBu,6148803.658778688,202106
a6W190BanBu,6148803.658778688,202107
a6W190BanBu,6148803.658778688,202108
a6W190BanBu,6148803.658778688,202109
a6W190BanBu,6148803.658778688,202110
a6W190BanBu,6148803.658778688,202111
a6W190BanBu,6148803.658778688,202112
a6W190BanBu,6250002.170556381,202201
a6W190BanBu,6250002.170556381,202202
a6W190BanBu,6250002.170556381,202203
a6W190BanBu,6250002.170556381,202204
a6W190BanBu,6250002.170556381,202205
a6W190BanBu,6250002.170556381,202206
a6W190BanBu,6250002.170556381,202207
a6W190BanBu,6250002.170556381,202208
a6W190BanBu,6250002.170556381,202209
a6W190BanBu,6250002.170556381,202210
a6W190BanBu,6250002.170556381,202211
a6W190BanBu,6250002.170556381,202212
a6W190BanBu,6249936.018408626,202301
a6W190BanBu,6249936.018408626,202302
a6W190BanBu,6249936.018408626,202303
a6W190BanBu,6249936.018408626,202304
a6W190BanBu,6249936.018408626,202305
a6W190BanBu,6249936.018408626,202306
a6W190BanBu,6249936.018408626,202307
a6W190BanBu,6249936.018408626,202308
a6W190BanBu,6249936.018408626,202309
a6W190BanBu,6249936.018408626,202310
a6W190BanBu,6249936.018408626,202311
a6W190BanBu,6249936.018408626,202312
a6W190BanBu,6241244.756169794,202401
a6W190BanBu,6241244.756169794,202402
a6W190BanBu,6241244.756169794,202403
a6W190BanBu,6241244.756169794,202404
a6W190BanBu,6241244.756169794,202405
a6W190BanBu,6241244.756169794,202406
a6W190BanBu,6241244.756169794,202407
a6W190BanBu,6241244.756169794,202408
a6W190BanBu,6241244.756169794,202409
a6W190BanBu,6241244.756169794,202410
a6W190BanBu,6241244.756169794,202411
a6W190BanBu,6241244.756169794,202412
a6W190BanBu,6231615.072732119,202501
a6W190BanBu,6231615.072732119,202502
a6W190BanBu,6231615.072732119,202503
a6W190BanBu,6231615.072732119,202504
a6W190BanBu,6231615.072732119,202505
a6W190BanBu,6231615.072732119,202506
a6W190BanBu,6231615.072732119,202507
a6W190BanBu,6231615.072732119,202508
a6W190BanBu,6231615.072732119,202509
a6W190BanBu,6231615.072732119,202510
a6W190BanBu,6231615.072732119,202511
a6W190BanBu,6231615.072732119,202512
a6W190BanBu,6227391.633724719,202601
a6W190BanBu,6227391.633724719,202602
a6W190BanBu,6227391.633724719,202603
a6W190BanBu,6227391.633724719,202604
a6W190BanBu,6227391.633724719,202605
a6W190BanBu,6227391.633724719,202606
a6W190BanBu,6227391.633724719,202607
a6W190BanBu,6227391.633724719,202608
a6W190BanBu,6227391.633724719,202609
a6W190BanBu,6227391.633724719,202610
a6W190BanBu,6227391.633724719,202611
a6W190BanBu,6227391.633724719,202612
a6W190BanBu,6236364.537129976,202701
a6W190BanBu,6236364.537129976,202702
a6W190BanBu,6236364.537129976,202703
a6W190BanBu,6236364.537129976,202704
a6W190BanBu,6236364.537129976,202705
a6W190BanBu,6236364.537129976,202706
a6W190BanBu,6236364.537129976,202707
a6W190BanBu,6236364.537129976,202708
a6W190BanBu,6236364.537129976,202709
a6W190BanBu,6236364.537129976,202710
a6W190BanBu,6236364.537129976,202711
a6W190BanBu,6236364.537129976,202712
a6W190BanBu,6268505.158837381,202801
a6W190BanBu,6268505.158837381,202802
a6W190BanBu,6268505.158837381,202803
a6W190BanBu,6268505.158837381,202804
a6W190BanBu,6268505.158837381,202805
a6W190BanBu,6268505.158837381,202806
a6W190BanBu,6268505.158837381,202807
a6W190BanBu,6268505.158837381,202808
a6W190BanBu,6268505.158837381,202809
a6W190BanBu,6268505.158837381,202810
a6W190BanBu,6268505.158837381,202811
a6W190BanBu,6268505.158837381,202812
a6W190BanBu,6329068.128740754,202901
a6W190BanBu,6329068.128740754,202902
a6W190BanBu,6329068.128740754,202903
a6W190BanBu,6329068.128740754,202904
a6W190BanBu,6329068.128740754,202905
a6W190BanBu,6329068.128740754,202906
a6W190BanBu,6329068.128740754,202907
a6W190BanBu,6329068.128740754,202908
a6W190BanBu,6329068.128740754,202909
a6W190BanBu,6329068.128740754,202910
a6W190BanBu,6329068.128740754,202911
a6W190BanBu,6329068.128740754,202912
a6W190BanBu,6388167.227613136,203001
a6W190BanBu,6388167.227613136,203002
a6W190BanBu,6388167.227613136,203003
a6W190BanBu,6388167.227613136,203004
a6W190BanBu,6388167.227613136,203005
a6W190BanBu,6388167.227613136,203006
a6W190BanBu,6388167.227613136,203007
a6W190BanBu,6388167.227613136,203008
a6W190BanBu,6388167.227613136,203009
a6W190BanBu,6388167.227613136,203010
a6W190BanBu,6388167.227613136,203011
a6W190BanBu,6388167.227613136,203012
hi16ZuHEWaY,5743626.808049172,201501
hi16ZuHEWaY,5743626.808049172,201502
hi16ZuHEWaY,5743626.808049172,201503
hi16ZuHEWaY,5743626.808049172,201504
hi16ZuHEWaY,5743626.808049172,201505
hi16ZuHEWaY,5743626.808049172,201506
hi16ZuHEWaY,5743626.808049172,201507
hi16ZuHEWaY,5743626.808049172,201508
hi16ZuHEWaY,5743626.808049172,201509
hi16ZuHEWaY,5743626.808049172,201510
hi16ZuHEWaY,5743626.808049172,201511
hi16ZuHEWaY,5743626.808049172,201512
hi16ZuHEWaY,5782872.875882946,201601
hi16ZuHEWaY,5782872.875882946,201602
hi16ZuHEWaY,5782872.875882946,201603
hi16ZuHEWaY,5782872.875882946,201604
hi16ZuHEWaY,5782872.875882946,201605
hi16ZuHEWaY,5782872.875882946,201606
hi16ZuHEWaY,5782872.875882946,201607
hi16ZuHEWaY,5782872.875882946,201608
hi16ZuHEWaY,5782872.875882946,201609
hi16ZuHEWaY,5782872.875882946,201610
hi16ZuHEWaY,5782872.875882946,201611
hi16ZuHEWaY,5782872.875882946,201612
hi16ZuHEWaY,5798232.964953871,201701
hi16ZuHEWaY,5798232.964953871,201702
hi16ZuHEWaY,5798232.964953871,201703
hi16ZuHEWaY,5798232.964953871,201704
hi16ZuHEWaY,5798232.964953871,201705
hi16ZuHEWaY,5798232.964953871,201706
hi16ZuHEWaY,5798232.964953871,201707
hi16ZuHEWaY,5798232.964953871,201708
hi16ZuHEWaY,5798232.964953871,201709
hi16ZuHEWaY,5798232.964953871,201710
hi16ZuHEWaY,5798232.964953871,201711
hi16ZuHEWaY,5798232.964953871,201712
hi16ZuHEWaY,5805985.550259969,201801
hi16ZuHEWaY,5805985.550259969,201802
hi16ZuHEWaY,5805985.550259969,201803
hi16ZuHEWaY,5805985.550259969,201804
hi16ZuHEWaY,5805985.550259969,201805
hi16ZuHEWaY,5805985.550259969,201806
hi16ZuHEWaY,5805985.550259969,201807
hi16ZuHEWaY,5805985.550259969,201808
hi16ZuHEWaY,5805985.550259969,201809
hi16ZuHEWaY,5805985.550259969,201810
hi16ZuHEWaY,5805985.550259969,201811
hi16ZuHEWaY,5805985.550259969,201812
hi16ZuHEWaY,5826580.841453305,201901
hi16ZuHEWaY,5826580.841453305,201902
hi16ZuHEWaY,5826580.841453305,201903
hi16ZuHEWaY,5826580.841453305,201904
hi16ZuHEWaY,5826580.841453305,201905
hi16ZuHEWaY,5826580.841453305,201906
hi16ZuHEWaY,5826580.841453305,201907
hi16ZuHEWaY,5826580.841453305,201908
hi16ZuHEWaY,5826580.841453305,201909
hi16ZuHEWaY,5826580.841453305,201910
hi16ZuHEWaY,5826580.841453305,201911
hi16ZuHEWaY,5826580.841453305,201912
hi16ZuHEWaY,5944506.833734043,202001
hi16ZuHEWaY,5944506.833734043,202002
hi16ZuHEWaY,5944506.833734043,202003
hi16ZuHEWaY,5944506.833734043,202004
hi16ZuHEWaY,5944506.833734043,202005
hi16ZuHEWaY,5944506.833734043,202006
hi16ZuHEWaY,5944506.833734043,202007
hi16ZuHEWaY,5944506.833734043,202008
hi16ZuHEWaY,5944506.833734043,202009
hi16ZuHEWaY,5944506.833734043,202010
hi16ZuHEWaY,5944506.833734043,202011
hi16ZuHEWaY,5944506.833734043,202012
hi16ZuHEWaY,6055470.428903223,202101
hi16ZuHEWaY,6055470.428903223,202102
hi16ZuHEWaY,6055470.428903223,202103
hi16ZuHEWaY,6055470.428903223,202104
hi16ZuHEWaY,6055470.428903223,202105
hi16ZuHEWaY,6055470.428903223,202106
hi16ZuHEWaY,6055470.428903223,202107
hi16ZuHEWaY,6055470.428903223,202108
hi16ZuHEWaY,6055470.428903223,202109
hi16ZuHEWaY,6055470.428903223,202110
hi16ZuHEWaY,6055470.428903223,202111
hi16ZuHEWaY,6055470.428903223,202112
hi16ZuHEWaY,6155137.084852786,202201
hi16ZuHEWaY,6155137.084852786,202202
hi16ZuHEWaY,6155137.084852786,202203
hi16ZuHEWaY,6155137.084852786,202204
hi16ZuHEWaY,6155137.084852786,202205
hi16ZuHEWaY,6155137.084852786,202206
hi16ZuHEWaY,6155137.084852786,202207
hi16ZuHEWaY,6155137.084852786,202208
hi16ZuHEWaY,6155137.084852786,202209
hi16ZuHEWaY,6155137.084852786,202210
hi16ZuHEWaY,6155137.084852786,202211
hi16ZuHEWaY,6155137.084852786,202212
hi16ZuHEWaY,6155072.082086971,202301
hi16ZuHEWaY,6155072.082086971,202302
hi16ZuHEWaY,6155072.082086971,202303
hi16ZuHEWaY,6155072.082086971,202304
hi16ZuHEWaY,6155072.082086971,202305
hi16ZuHEWaY,6155072.082086971,202306
hi16ZuHEWaY,6155072.082086971,202307
hi16ZuHEWaY,6155072.082086971,202308
hi16ZuHEWaY,6155072.082086971,202309
hi16ZuHEWaY,6155072.082086971,202310
hi16ZuHEWaY,6155072.082086971,202311
hi16ZuHEWaY,6155072.082086971,202312
hi16ZuHEWaY,6146511.377427334,202401
hi16ZuHEWaY,6146511.377427334,202402
hi16ZuHEWaY,6146511.377427334,202403
hi16ZuHEWaY,6146511.377427334,202404
hi16ZuHEWaY,6146511.377427334,202405
hi16ZuHEWaY,6146511.377427334,202406
hi16ZuHEWaY,6146511.377427334,202407
hi16ZuHEWaY,6146511.377427334,202408
hi16ZuHEWaY,6146511.377427334,202409
hi16ZuHEWaY,6146511.377427334,202410
hi16ZuHEWaY,6146511.377427334,202411
hi16ZuHEWaY,6146511.377427334,202412
hi16ZuHEWaY,6137026.425752958,202501
hi16ZuHEWaY,6137026.425752958,202502
hi16ZuHEWaY,6137026.425752958,202503
hi16ZuHEWaY,6137026.425752958,202504
hi16ZuHEWaY,6137026.425752958,202505
hi16ZuHEWaY,6137026.425752958,202506
hi16ZuHEWaY,6137026.425752958,202507
hi16ZuHEWaY,6137026.425752958,202508
hi16ZuHEWaY,6137026.425752958,202509
hi16ZuHEWaY,6137026.425752958,202510
hi16ZuHEWaY,6137026.425752958,202511
hi16ZuHEWaY,6137026.425752958,202512
hi16ZuHEWaY,6132866.533053118,202601
hi16ZuHEWaY,6132866.533053118,202602
hi16ZuHEWaY,6132866.533053118,202603
hi16ZuHEWaY,6132866.533053118,202604
hi16ZuHEWaY,6132866.533053118,202605
hi16ZuHEWaY,6132866.533053118,202606
hi16ZuHEWaY,6132866.533053118,202607
hi16ZuHEWaY,6132866.533053118,202608
hi16ZuHEWaY,6132866.533053118,202609
hi16ZuHEWaY,6132866.533053118,202610
hi16ZuHEWaY,6132866.533053118,202611
hi16ZuHEWaY,6132866.533053118,202612
hi16ZuHEWaY,6141704.398833073,202701
hi16ZuHEWaY,6141704.398833073,202702
hi16ZuHEWaY,6141704.398833073,202703
hi16ZuHEWaY,6141704.398833073,202704
hi16ZuHEWaY,6141704.398833073,202705
hi16ZuHEWaY,6141704.398833073,202706
hi16ZuHEWaY,6141704.398833073,202707
hi16ZuHEWaY,6141704.398833073,202708
hi16ZuHEWaY,6141704.398833073,202709
hi16ZuHEWaY,6141704.398833073,202710
hi16ZuHEWaY,6141704.398833073,202711
hi16ZuHEWaY,6141704.398833073,202712
hi16ZuHEWaY,6173362.8856773805,202801
hi16ZuHEWaY,6173362.8856773805,202802
hi16ZuHEWaY,6173362.8856773805,202803
hi16ZuHEWaY,6173362.8856773805,202804
hi16ZuHEWaY,6173362.8856773805,202805
hi16ZuHEWaY,6173362.8856773805,202806
hi16ZuHEWaY,6173362.8856773805,202807
hi16ZuHEWaY,6173362.8856773805,202808
hi16ZuHEWaY,6173362.8856773805,202809
hi16ZuHEWaY,6173362.8856773805,202810
hi16ZuHEWaY,6173362.8856773805,202811
hi16ZuHEWaY,6173362.8856773805,202812
hi16ZuHEWaY,6233019.176275132,202901
hi16ZuHEWaY,6233019.176275132,202902
hi16ZuHEWaY,6233019.176275132,202903
hi16ZuHEWaY,6233019.176275132,202904
hi16ZuHEWaY,6233019.176275132,202905
hi16ZuHEWaY,6233019.176275132,202906
hi16ZuHEWaY,6233019.176275132,202907
hi16ZuHEWaY,6233019.176275132,202908
hi16ZuHEWaY,6233019.176275132,202909
hi16ZuHEWaY,6233019.176275132,202910
hi16ZuHEWaY,6233019.176275132,202911
hi16ZuHEWaY,6233019.176275132,202912
hi16ZuHEWaY,6291234.856560746,203001
hi16ZuHEWaY,6291234.856560746,203002
hi16ZuHEWaY,6291234.856560746,203003
hi16ZuHEWaY,6291234.856560746,203004
hi16ZuHEWaY,6291234.856560746,203005
hi16ZuHEWaY,6291234.856560746,203006
hi16ZuHEWaY,6291234.856560746,203007
hi16ZuHEWaY,6291234.856560746,203008
hi16ZuHEWaY,6291234.856560746,203009
hi16ZuHEWaY,6291234.856560746,203010
hi16ZuHEWaY,6291234.856560746,203011
hi16ZuHEWaY,6291234.856560746,203012
GvgqqErqwFP,2348668.7428613873,201501
GvgqqErqwFP,2348668.7428613873,201502
GvgqqErqwFP,2348668.7428613873,201503
GvgqqErqwFP,2348668.7428613873,201504
GvgqqErqwFP,2348668.7428613873,201505
GvgqqErqwFP,2348668.7428613873,201506
GvgqqErqwFP,2348668.7428613873,201507
GvgqqErqwFP,2348668.7428613873,201508
GvgqqErqwFP,2348668.7428613873,201509
GvgqqErqwFP,2348668.7428613873,201510
GvgqqErqwFP,2348668.7428613873,201511
GvgqqErqwFP,2348668.7428613873,201512
GvgqqErqwFP,2364719.9187593455,201601
GvgqqErqwFP,2364719.9187593455,201602
GvgqqErqwFP,2364719.9187593455,201603
GvgqqErqwFP,2364719.9187593455,201604
GvgqqErqwFP,2364719.9187593455,201605
GvgqqErqwFP,2364719.9187593455,201606
GvgqqErqwFP,2364719.9187593455,201607
GvgqqErqwFP,2364719.9187593455,201608
GvgqqErqwFP,2364719.9187593455,201609
GvgqqErqwFP,2364719.9187593455,201610
GvgqqErqwFP,2364719.9187593455,201611
GvgqqErqwFP,2364719.9187593455,201612
GvgqqErqwFP,2371001.5420109085,201701
GvgqqErqwFP,2371001.5420109085,201702
GvgqqErqwFP,2371001.5420109085,201703
GvgqqErqwFP,2371001.5420109085,201704
GvgqqErqwFP,2371001.5420109085,201705
GvgqqErqwFP,2371001.5420109085,201706
GvgqqErqwFP,2371001.5420109085,201707
GvgqqErqwFP,2371001.5420109085,201708
GvgqqErqwFP,2371001.5420109085,201709
GvgqqErqwFP,2371001.5420109085,201710
GvgqqErqwFP,2371001.5420109085,201711
GvgqqErqwFP,2371001.5420109085,201712
GvgqqErqwFP,2374171.913960855,201801
GvgqqErqwFP,2374171.913960855,201802
GvgqqErqwFP,2374171.913960855,201803
GvgqqErqwFP,2374171.913960855,201804
GvgqqErqwFP,2374171.913960855,201805
GvgqqErqwFP,2374171.913960855,201806
GvgqqErqwFP,2374171.913960855,201807
GvgqqErqwFP,2374171.913960855,201808
GvgqqErqwFP,2374171.913960855,201809
GvgqqErqwFP,2374171.913960855,201810
GvgqqErqwFP,2374171.913960855,201811
GvgqqErqwFP,2374171.913960855,201812
GvgqqErqwFP,2382593.9233768503,201901
GvgqqErqwFP,2382593.9233768503,201902
GvgqqErqwFP,2382593.9233768503,201903
GvgqqErqwFP,2382593.9233768503,201904
GvgqqErqwFP,2382593.9233768503,201905
GvgqqErqwFP,2382593.9233768503,201906
GvgqqErqwFP,2382593.9233768503,201907
GvgqqErqwFP,2382593.9233768503,201908
GvgqqErqwFP,2382593.9233768503,201909
GvgqqErqwFP,2382593.9233768503,201910
GvgqqErqwFP,2382593.9233768503,201911
GvgqqErqwFP,2382593.9233768503,201912
GvgqqErqwFP,2430815.7460008566,202001
GvgqqErqwFP,2430815.7460008566,202002
GvgqqErqwFP,2430815.7460008566,202003
GvgqqErqwFP,2430815.7460008566,202004
GvgqqErqwFP,2430815.7460008566,202005
GvgqqErqwFP,2430815.7460008566,202006
GvgqqErqwFP,2430815.7460008566,202007
GvgqqErqwFP,2430815.7460008566,202008
GvgqqErqwFP,2430815.7460008566,202009
GvgqqErqwFP,2430815.7460008566,202010
GvgqqErqwFP,2430815.7460008566,202011
GvgqqErqwFP,2430815.7460008566,202012
GvgqqErqwFP,2476190.5791338794,202101
GvgqqErqwFP,2476190.5791338794,202102
GvgqqErqwFP,2476190.5791338794,202103
GvgqqErqwFP,2476190.5791338794,202104
GvgqqErqwFP,2476190.5791338794,202105
GvgqqErqwFP,2476190.5791338794,202106
GvgqqErqwFP,2476190.5791338794,202107
GvgqqErqwFP,2476190.5791338794,202108
GvgqqErqwFP,2476190.5791338794,202109
GvgqqErqwFP,2476190.5791338794,202110
GvgqqErqwFP,2476190.5791338794,202111
GvgqqErqwFP,2476190.5791338794,202112
GvgqqErqwFP,2516945.787789813,202201
GvgqqErqwFP,2516945.787789813,202202
GvgqqErqwFP,2516945.787789813,202203
GvgqqErqwFP,2516945.787789813,202204
GvgqqErqwFP,2516945.787789813,202205
GvgqqErqwFP,2516945.787789813,202206
GvgqqErqwFP,2516945.787789813,202207
GvgqqErqwFP,2516945.787789813,202208
GvgqqErqwFP,2516945.787789813,202209
GvgqqErqwFP,2516945.787789813,202210
GvgqqErqwFP,2516945.787789813,202211
GvgqqErqwFP,2516945.787789813,202212
GvgqqErqwFP,2516919.2166796126,202301
GvgqqErqwFP,2516919.2166796126,202302
GvgqqErqwFP,2516919.2166796126,202303
GvgqqErqwFP,2516919.2166796126,202304
GvgqqErqwFP,2516919.2166796126,202305
GvgqqErqwFP,2516919.2166796126,202306
GvgqqErqwFP,2516919.2166796126,202307
GvgqqErqwFP,2516919.2166796126,202308
GvgqqErqwFP,2516919.2166796126,202309
GvgqqErqwFP,2516919.2166796126,202310
GvgqqErqwFP,2516919.2166796126,202311
GvgqqErqwFP,2516919.2166796126,202312
GvgqqErqwFP,2513418.607500167,202401
GvgqqErqwFP,2513418.607500167,202402
GvgqqErqwFP,2513418.607500167,202403
GvgqqErqwFP,2513418.607500167,202404
GvgqqErqwFP,2513418.607500167,202405
GvgqqErqwFP,2513418.607500167,202406
GvgqqErqwFP,2513418.607500167,202407
GvgqqErqwFP,2513418.607500167,202408
GvgqqErqwFP,2513418.607500167,202409
GvgqqErqwFP,2513418.607500167,202410
GvgqqErqwFP,2513418.607500167,202411
GvgqqErqwFP,2513418.607500167,202412
GvgqqErqwFP,2509540.04976838,202501
GvgqqErqwFP,2509540.04976838,202502
GvgqqErqwFP,2509540.04976838,202503
GvgqqErqwFP,2509540.04976838,202504
GvgqqErqwFP,2509540.04976838,202505
GvgqqErqwFP,2509540.04976838,202506
GvgqqErqwFP,2509540.04976838,202507
GvgqqErqwFP,2509540.04976838,202508
GvgqqErqwFP,2509540.04976838,202509
GvgqqErqwFP,2509540.04976838,202510
GvgqqErqwFP,2509540.04976838,202511
GvgqqErqwFP,2509540.04976838,202512
GvgqqErqwFP,2507839.0023426684,202601
GvgqqErqwFP,2507839.0023426684,202602
GvgqqErqwFP,2507839.0023426684,202603
GvgqqErqwFP,2507839.0023426684,202604
GvgqqErqwFP,2507839.0023426684,202605
GvgqqErqwFP,2507839.0023426684,202606
GvgqqErqwFP,2507839.0023426684,202607
GvgqqErqwFP,2507839.0023426684,202608
GvgqqErqwFP,2507839.0023426684,202609
GvgqqErqwFP,2507839.0023426684,202610
GvgqqErqwFP,2507839.0023426684,202611
GvgqqErqwFP,2507839.0023426684,202612
GvgqqErqwFP,2511452.9312169417,202701
GvgqqErqwFP,2511452.9312169417,202702
GvgqqErqwFP,2511452.9312169417,202703
GvgqqErqwFP,2511452.9312169417,202704
GvgqqErqwFP,2511452.9312169417,202705
GvgqqErqwFP,2511452.9312169417,202706
GvgqqErqwFP,2511452.9312169417,202707
GvgqqErqwFP,2511452.9312169417,202708
GvgqqErqwFP,2511452.9312169417,202709
GvgqqErqwFP,2511452.9312169417,202710
GvgqqErqwFP,2511452.9312169417,202711
GvgqqErqwFP,2511452.9312169417,202712
GvgqqErqwFP,2524398.5134938033,202801
GvgqqErqwFP,2524398.5134938033,202802
GvgqqErqwFP,2524398.5134938033,202803
GvgqqErqwFP,2524398.5134938033,202804
GvgqqErqwFP,2524398.5134938033,202805
GvgqqErqwFP,2524398.5134938033,202806
GvgqqErqwFP,2524398.5134938033,202807
GvgqqErqwFP,2524398.5134938033,202808
GvgqqErqwFP,2524398.5134938033,202809
GvgqqErqwFP,2524398.5134938033,202810
GvgqqErqwFP,2524398.5134938033,202811
GvgqqErqwFP,2524398.5134938033,202812
GvgqqErqwFP,2548792.7628373974,202901
GvgqqErqwFP,2548792.7628373974,202902
GvgqqErqwFP,2548792.7628373974,202903
GvgqqErqwFP,2548792.7628373974,202904
GvgqqErqwFP,2548792.7628373974,202905
GvgqqErqwFP,2548792.7628373974,202906
GvgqqErqwFP,2548792.7628373974,202907
GvgqqErqwFP,2548792.7628373974,202908
GvgqqErqwFP,2548792.7628373974,202909
GvgqqErqwFP,2548792.7628373974,202910
GvgqqErqwFP,2548792.7628373974,202911
GvgqqErqwFP,2548792.7628373974,202912
GvgqqErqwFP,2572597.917098729,203001
GvgqqErqwFP,2572597.917098729,203002
GvgqqErqwFP,2572597.917098729,203003
GvgqqErqwFP,2572597.917098729,203004
GvgqqErqwFP,2572597.917098729,203005
GvgqqErqwFP,2572597.917098729,203006
GvgqqErqwFP,2572597.917098729,203007
GvgqqErqwFP,2572597.917098729,203008
GvgqqErqwFP,2572597.917098729,203009
GvgqqErqwFP,2572597.917098729,203010
GvgqqErqwFP,2572597.917098729,203011
GvgqqErqwFP,2572597.917098729,203012
Zx3boDXh1Q5,4841314.967930206,201501
Zx3boDXh1Q5,4841314.967930206,201502
Zx3boDXh1Q5,4841314.967930206,201503
Zx3boDXh1Q5,4841314.967930206,201504
Zx3boDXh1Q5,4841314.967930206,201505
Zx3boDXh1Q5,4841314.967930206,201506
Zx3boDXh1Q5,4841314.967930206,201507
Zx3boDXh1Q5,4841314.967930206,201508
Zx3boDXh1Q5,4841314.967930206,201509
Zx3boDXh1Q5,4841314.967930206,201510
Zx3boDXh1Q5,4841314.967930206,201511
Zx3boDXh1Q5,4841314.967930206,201512
Zx3boDXh1Q5,4874401.046272644,201601
Zx3boDXh1Q5,4874401.046272644,201602
Zx3boDXh1Q5,4874401.046272644,201603
Zx3boDXh1Q5,4874401.046272644,201604
Zx3boDXh1Q5,4874401.046272644,201605
Zx3boDXh1Q5,4874401.046272644,201606
Zx3boDXh1Q5,4874401.046272644,201607
Zx3boDXh1Q5,4874401.046272644,201608
Zx3boDXh1Q5,4874401.046272644,201609
Zx3boDXh1Q5,4874401.046272644,201610
Zx3boDXh1Q5,4874401.046272644,201611
Zx3boDXh1Q5,4874401.046272644,201612
Zx3boDXh1Q5,4887347.707063603,201701
Zx3boDXh1Q5,4887347.707063603,201702
Zx3boDXh1Q5,4887347.707063603,201703
Zx3boDXh1Q5,4887347.707063603,201704
Zx3boDXh1Q5,4887347.707063603,201705
Zx3boDXh1Q5,4887347.707063603,201706
Zx3boDXh1Q5,4887347.707063603,201707
Zx3boDXh1Q5,4887347.707063603,201708
Zx3boDXh1Q5,4887347.707063603,201709
Zx3boDXh1Q5,4887347.707063603,201710
Zx3boDXh1Q5,4887347.707063603,201711
Zx3boDXh1Q5,4887347.707063603,201712
Zx3boDXh1Q5,4893881.620227336,201801
Zx3boDXh1Q5,4893881.620227336,201802
Zx3boDXh1Q5,4893881.620227336,201803
Zx3boDXh1Q5,4893881.620227336,201804
Zx3boDXh1Q5,4893881.620227336,201805
Zx3boDXh1Q5,4893881.620227336,201806
Zx3boDXh1Q5,4893881.620227336,201807
Zx3boDXh1Q5,4893881.620227336,201808
Zx3boDXh1Q5,4893881.620227336,201809
Zx3boDXh1Q5,4893881.620227336,201810
Zx3boDXh1Q5,4893881.620227336,201811
Zx3boDXh1Q5,4893881.620227336,201812
Zx3boDXh1Q5,4911239.338499139,201901
Zx3boDXh1Q5,4911239.338499139,201902
Zx3boDXh1Q5,4911239.338499139,201903
Zx3boDXh1Q5,4911239.338499139,201904
Zx3boDXh1Q5,4911239.338499139,201905
Zx3boDXh1Q5,4911239.338499139,201906
Zx3boDXh1Q5,4911239.338499139,201907
Zx3boDXh1Q5,4911239.338499139,201908
Zx3boDXh1Q5,4911239.338499139,201909
Zx3boDXh1Q5,4911239.338499139,201910
Zx3boDXh1Q5,4911239.338499139,201911
Zx3boDXh1Q5,4911239.338499139,201912
Zx3boDXh1Q5,5010623.90493013,202001
Zx3boDXh1Q5,5010623.90493013,202002
Zx3boDXh1Q5,5010623.90493013,202003
Zx3boDXh1Q5,5010623.90493013,202004
Zx3boDXh1Q5,5010623.90493013,202005
Zx3boDXh1Q5,5010623.90493013,202006
Zx3boDXh1Q5,5010623.90493013,202007
Zx3boDXh1Q5,5010623.90493013,202008
Zx3boDXh1Q5,5010623.90493013,202009
Zx3boDXh1Q5,5010623.90493013,202010
Zx3boDXh1Q5,5010623.90493013,202011
Zx3boDXh1Q5,5010623.90493013,202012
Zx3boDXh1Q5,5104140.926759154,202101
Zx3boDXh1Q5,5104140.926759154,202102
Zx3boDXh1Q5,5104140.926759154,202103
Zx3boDXh1Q5,5104140.926759154,202104
Zx3boDXh1Q5,5104140.926759154,202105
Zx3boDXh1Q5,5104140.926759154,202106
Zx3boDXh1Q5,5104140.926759154,202107
Zx3boDXh1Q5,5104140.926759154,202108
Zx3boDXh1Q5,5104140.926759154,202109
Zx3boDXh1Q5,5104140.926759154,202110
Zx3boDXh1Q5,5104140.926759154,202111
Zx3boDXh1Q5,5104140.926759154,202112
Zx3boDXh1Q5,5188152.518187306,202201
Zx3boDXh1Q5,5188152.518187306,202202
Zx3boDXh1Q5,5188152.518187306,202203
Zx3boDXh1Q5,5188152.518187306,202204
Zx3boDXh1Q5,5188152.518187306,202205
Zx3boDXh1Q5,5188152.518187306,202206
Zx3boDXh1Q5,5188152.518187306,202207
Zx3boDXh1Q5,5188152.518187306,202208
Zx3boDXh1Q5,5188152.518187306,202209
Zx3boDXh1Q5,5188152.518187306,202210
Zx3boDXh1Q5,5188152.518187306,202211
Zx3boDXh1Q5,5188152.518187306,202212
Zx3boDXh1Q5,5188097.74314934,202301
Zx3boDXh1Q5,5188097.74314934,202302
Zx3boDXh1Q5,5188097.74314934,202303
Zx3boDXh1Q5,5188097.74314934,202304
Zx3boDXh1Q5,5188097.74314934,202305
Zx3boDXh1Q5,5188097.74314934,202306
Zx3boDXh1Q5,5188097.74314934,202307
Zx3boDXh1Q5,5188097.74314934,202308
Zx3boDXh1Q5,5188097.74314934,202309
Zx3boDXh1Q5,5188097.74314934,202310
Zx3boDXh1Q5,5188097.74314934,202311
Zx3boDXh1Q5,5188097.74314934,202312
Zx3boDXh1Q5,5180881.746616729,202401
Zx3boDXh1Q5,5180881.746616729,202402
Zx3boDXh1Q5,5180881.746616729,202403
Zx3boDXh1Q5,5180881.746616729,202404
Zx3boDXh1Q5,5180881.746616729,202405
Zx3boDXh1Q5,5180881.746616729,202406
Zx3boDXh1Q5,5180881.746616729,202407
Zx3boDXh1Q5,5180881.746616729,202408
Zx3boDXh1Q5,5180881.746616729,202409
Zx3boDXh1Q5,5180881.746616729,202410
Zx3boDXh1Q5,5180881.746616729,202411
Zx3boDXh1Q5,5180881.746616729,202412
Zx3boDXh1Q5,5172886.832532149,202501
Zx3boDXh1Q5,5172886.832532149,202502
Zx3boDXh1Q5,5172886.832532149,202503
Zx3boDXh1Q5,5172886.832532149,202504
Zx3boDXh1Q5,5172886.832532149,202505
Zx3boDXh1Q5,5172886.832532149,202506
Zx3boDXh1Q5,5172886.832532149,202507
Zx3boDXh1Q5,5172886.832532149,202508
Zx3boDXh1Q5,5172886.832532149,202509
Zx3boDXh1Q5,5172886.832532149,202510
Zx3boDXh1Q5,5172886.832532149,202511
Zx3boDXh1Q5,5172886.832532149,202512
Zx3boDXh1Q5,5169380.375690478,202601
Zx3boDXh1Q5,5169380.375690478,202602
Zx3boDXh1Q5,5169380.375690478,202603
Zx3boDXh1Q5,5169380.375690478,202604
Zx3boDXh1Q5,5169380.375690478,202605
Zx3boDXh1Q5,5169380.375690478,202606
Zx3boDXh1Q5,5169380.375690478,202607
Zx3boDXh1Q5,5169380.375690478,202608
Zx3boDXh1Q5,5169380.375690478,202609
Zx3boDXh1Q5,5169380.375690478,202610
Zx3boDXh1Q5,5169380.375690478,202611
Zx3boDXh1Q5,5169380.375690478,202612
Zx3boDXh1Q5,5176830.247628235,202701
Zx3boDXh1Q5,5176830.247628235,202702
Zx3boDXh1Q5,5176830.247628235,202703
Zx3boDXh1Q5,5176830.247628235,202704
Zx3boDXh1Q5,5176830.247628235,202705
Zx3boDXh1Q5,5176830.247628235,202706
Zx3boDXh1Q5,5176830.247628235,202707
Zx3boDXh1Q5,5176830.247628235,202708
Zx3boDXh1Q5,5176830.247628235,202709
Zx3boDXh1Q5,5176830.247628235,202710
Zx3boDXh1Q5,5176830.247628235,202711
Zx3boDXh1Q5,5176830.247628235,202712
Zx3boDXh1Q5,5203516.963721909,202801
Zx3boDXh1Q5,5203516.963721909,202802
Zx3boDXh1Q5,5203516.963721909,202803
Zx3boDXh1Q5,5203516.963721909,202804
Zx3boDXh1Q5,5203516.963721909,202805
Zx3boDXh1Q5,5203516.963721909,202806
Zx3boDXh1Q5,5203516.963721909,202807
Zx3boDXh1Q5,5203516.963721909,202808
Zx3boDXh1Q5,5203516.963721909,202809
Zx3boDXh1Q5,5203516.963721909,202810
Zx3boDXh1Q5,5203516.963721909,202811
Zx3boDXh1Q5,5203516.963721909,202812
Zx3boDXh1Q5,5253805.901858191,202901
Zx3boDXh1Q5,5253805.901858191,202902
Zx3boDXh1Q5,5253805.901858191,202903
Zx3boDXh1Q5,5253805.901858191,202904
Zx3boDXh1Q5,5253805.901858191,202905
Zx3boDXh1Q5,5253805.901858191,202906
Zx3boDXh1Q5,5253805.901858191,202907
Zx3boDXh1Q5,5253805.901858191,202908
Zx3boDXh1Q5,5253805.901858191,202909
Zx3boDXh1Q5,5253805.901858191,202910
Zx3boDXh1Q5,5253805.901858191,202911
Zx3boDXh1Q5,5253805.901858191,202912
Zx3boDXh1Q5,5302879.386013626,203001
Zx3boDXh1Q5,5302879.386013626,203002
Zx3boDXh1Q5,5302879.386013626,203003
Zx3boDXh1Q5,5302879.386013626,203004
Zx3boDXh1Q5,5302879.386013626,203005
Zx3boDXh1Q5,5302879.386013626,203006
Zx3boDXh1Q5,5302879.386013626,203007
Zx3boDXh1Q5,5302879.386013626,203008
Zx3boDXh1Q5,5302879.386013626,203009
Zx3boDXh1Q5,5302879.386013626,203010
Zx3boDXh1Q5,5302879.386013626,203011
Zx3boDXh1Q5,5302879.386013626,203012
fvN7GZvNAOB,1620330.791075068,201501
fvN7GZvNAOB,1620330.791075068,201502
fvN7GZvNAOB,1620330.791075068,201503
fvN7GZvNAOB,1620330.791075068,201504
fvN7GZvNAOB,1620330.791075068,201505
fvN7GZvNAOB,1620330.791075068,201506
fvN7GZvNAOB,1620330.791075068,201507
fvN7GZvNAOB,1620330.791075068,201508
fvN7GZvNAOB,1620330.791075068,201509
fvN7GZvNAOB,1620330.791075068,201510
fvN7GZvNAOB,1620330.791075068,201511
fvN7GZvNAOB,1620330.791075068,201512
fvN7GZvNAOB,1631404.9357191205,201601
fvN7GZvNAOB,1631404.9357191205,201602
fvN7GZvNAOB,1631404.9357191205,201603
fvN7GZvNAOB,1631404.9357191205,201604
fvN7GZvNAOB,1631404.9357191205,201605
fvN7GZvNAOB,1631404.9357191205,201606
fvN7GZvNAOB,1631404.9357191205,201607
fvN7GZvNAOB,1631404.9357191205,201608
fvN7GZvNAOB,1631404.9357191205,201609
fvN7GZvNAOB,1631404.9357191205,201610
fvN7GZvNAOB,1631404.9357191205,201611
fvN7GZvNAOB,1631404.9357191205,201612
fvN7GZvNAOB,1635739.1771861906,201701
fvN7GZvNAOB,1635739.1771861906,201702
fvN7GZvNAOB,1635739.1771861906,201703
fvN7GZvNAOB,1635739.1771861906,201704
fvN7GZvNAOB,1635739.1771861906,201705
fvN7GZvNAOB,1635739.1771861906,201706
fvN7GZvNAOB,1635739.1771861906,201707
fvN7GZvNAOB,1635739.1771861906,201708
fvN7GZvNAOB,1635739.1771861906,201709
fvN7GZvNAOB,1635739.1771861906,201710
fvN7GZvNAOB,1635739.1771861906,201711
fvN7GZvNAOB,1635739.1771861906,201712
fvN7GZvNAOB,1637926.7611176018,201801
fvN7GZvNAOB,1637926.7611176018,201802
fvN7GZvNAOB,1637926.7611176018,201803
fvN7GZvNAOB,1637926.7611176018,201804
fvN7GZvNAOB,1637926.7611176018,201805
fvN7GZvNAOB,1637926.7611176018,201806
fvN7GZvNAOB,1637926.7611176018,201807
fvN7GZvNAOB,1637926.7611176018,201808
fvN7GZvNAOB,1637926.7611176018,201809
fvN7GZvNAOB,1637926.7611176018,201810
fvN7GZvNAOB,1637926.7611176018,201811
fvN7GZvNAOB,1637926.7611176018,201812
fvN7GZvNAOB,1643738.209171805,201901
fvN7GZvNAOB,1643738.209171805,201902
fvN7GZvNAOB,1643738.209171805,201903
fvN7GZvNAOB,1643738.209171805,201904
fvN7GZvNAOB,1643738.209171805,201905
fvN7GZvNAOB,1643738.209171805,201906
fvN7GZvNAOB,1643738.209171805,201907
fvN7GZvNAOB,1643738.209171805,201908
fvN7GZvNAOB,1643738.209171805,201909
fvN7GZvNAOB,1643738.209171805,201910
fvN7GZvNAOB,1643738.209171805,201911
fvN7GZvNAOB,1643738.209171805,201912
fvN7GZvNAOB,1677014.5150412587,202001
fvN7GZvNAOB,1677014.5150412587,202002
fvN7GZvNAOB,1677014.5150412587,202003
fvN7GZvNAOB,1677014.5150412587,202004
fvN7GZvNAOB,1677014.5150412587,202005
fvN7GZvNAOB,1677014.5150412587,202006
fvN7GZvNAOB,1677014.5150412587,202007
fvN7GZvNAOB,1677014.5150412587,202008
fvN7GZvNAOB,1677014.5150412587,202009
fvN7GZvNAOB,1677014.5150412587,202010
fvN7GZvNAOB,1677014.5150412587,202011
fvN7GZvNAOB,1677014.5150412587,202012
fvN7GZvNAOB,1708330.7182108688,202101
fvN7GZvNAOB,1708330.7182108688,202102
fvN7GZvNAOB,1708330.7182108688,202103
fvN7GZvNAOB,1708330.7182108688,202104
fvN7GZvNAOB,1708330.7182108688,202105
fvN7GZvNAOB,1708330.7182108688,202106
fvN7GZvNAOB,1708330.7182108688,202107
fvN7GZvNAOB,1708330.7182108688,202108
fvN7GZvNAOB,1708330.7182108688,202109
fvN7GZvNAOB,1708330.7182108688,202110
fvN7GZvNAOB,1708330.7182108688,202111
fvN7GZvNAOB,1708330.7182108688,202112
fvN7GZvNAOB,1736457.004956618,202201
fvN7GZvNAOB,1736457.004956618,202202
fvN7GZvNAOB,1736457.004956618,202203
fvN7GZvNAOB,1736457.004956618,202204
fvN7GZvNAOB,1736457.004956618,202205
fvN7GZvNAOB,1736457.004956618,202206
fvN7GZvNAOB,1736457.004956618,202207
fvN7GZvNAOB,1736457.004956618,202208
fvN7GZvNAOB,1736457.004956618,202209
fvN7GZvNAOB,1736457.004956618,202210
fvN7GZvNAOB,1736457.004956618,202211
fvN7GZvNAOB,1736457.004956618,202212
fvN7GZvNAOB,1736438.6670160142,202301
fvN7GZvNAOB,1736438.6670160142,202302
fvN7GZvNAOB,1736438.6670160142,202303
fvN7GZvNAOB,1736438.6670160142,202304
fvN7GZvNAOB,1736438.6670160142,202305
fvN7GZvNAOB,1736438.6670160142,202306
fvN7GZvNAOB,1736438.6670160142,202307
fvN7GZvNAOB,1736438.6670160142,202308
fvN7GZvNAOB,1736438.6670160142,202309
fvN7GZvNAOB,1736438.6670160142,202310
fvN7GZvNAOB,1736438.6670160142,202311
fvN7GZvNAOB,1736438.6670160142,202312
fvN7GZvNAOB,1734022.8708890334,202401
fvN7GZvNAOB,1734022.8708890334,202402
fvN7GZvNAOB,1734022.8708890334,202403
fvN7GZvNAOB,1734022.8708890334,202404
fvN7GZvNAOB,1734022.8708890334,202405
fvN7GZvNAOB,1734022.8708890334,202406
fvN7GZvNAOB,1734022.8708890334,202407
fvN7GZvNAOB,1734022.8708890334,202408
fvN7GZvNAOB,1734022.8708890334,202409
fvN7GZvNAOB,1734022.8708890334,202410
fvN7GZvNAOB,1734022.8708890334,202411
fvN7GZvNAOB,1734022.8708890334,202412
fvN7GZvNAOB,1731346.0598874239,202501
fvN7GZvNAOB,1731346.0598874239,202502
fvN7GZvNAOB,1731346.0598874239,202503
fvN7GZvNAOB,1731346.0598874239,202504
fvN7GZvNAOB,1731346.0598874239,202505
fvN7GZvNAOB,1731346.0598874239,202506
fvN7GZvNAOB,1731346.0598874239,202507
fvN7GZvNAOB,1731346.0598874239,202508
fvN7GZvNAOB,1731346.0598874239,202509
fvN7GZvNAOB,1731346.0598874239,202510
fvN7GZvNAOB,1731346.0598874239,202511
fvN7GZvNAOB,1731346.0598874239,202512
fvN7GZvNAOB,1730172.0919946872,202601
fvN7GZvNAOB,1730172.0919946872,202602
fvN7GZvNAOB,1730172.0919946872,202603
fvN7GZvNAOB,1730172.0919946872,202604
fvN7GZvNAOB,1730172.0919946872,202605
fvN7GZvNAOB,1730172.0919946872,202606
fvN7GZvNAOB,1730172.0919946872,202607
fvN7GZvNAOB,1730172.0919946872,202608
fvN7GZvNAOB,1730172.0919946872,202609
fvN7GZvNAOB,1730172.0919946872,202610
fvN7GZvNAOB,1730172.0919946872,202611
fvN7GZvNAOB,1730172.0919946872,202612
fvN7GZvNAOB,1732666.3161927946,202701
fvN7GZvNAOB,1732666.3161927946,202702
fvN7GZvNAOB,1732666.3161927946,202703
fvN7GZvNAOB,1732666.3161927946,202704
fvN7GZvNAOB,1732666.3161927946,202705
fvN7GZvNAOB,1732666.3161927946,202706
fvN7GZvNAOB,1732666.3161927946,202707
fvN7GZvNAOB,1732666.3161927946,202708
fvN7GZvNAOB,1732666.3161927946,202709
fvN7GZvNAOB,1732666.3161927946,202710
fvN7GZvNAOB,1732666.3161927946,202711
fvN7GZvNAOB,1732666.3161927946,202712
fvN7GZvNAOB,1741600.9607883836,202801
fvN7GZvNAOB,1741600.9607883836,202802
fvN7GZvNAOB,1741600.9607883836,202803
fvN7GZvNAOB,1741600.9607883836,202804
fvN7GZvNAOB,1741600.9607883836,202805
fvN7GZvNAOB,1741600.9607883836,202806
fvN7GZvNAOB,1741600.9607883836,202807
fvN7GZvNAOB,1741600.9607883836,202808
fvN7GZvNAOB,1741600.9607883836,202809
fvN7GZvNAOB,1741600.9607883836,202810
fvN7GZvNAOB,1741600.9607883836,202811
fvN7GZvNAOB,1741600.9607883836,202812
fvN7GZvNAOB,1758436.212530824,202901
fvN7GZvNAOB,1758436.212530824,202902
fvN7GZvNAOB,1758436.212530824,202903
fvN7GZvNAOB,1758436.212530824,202904
fvN7GZvNAOB,1758436.212530824,202905
fvN7GZvNAOB,1758436.212530824,202906
fvN7GZvNAOB,1758436.212530824,202907
fvN7GZvNAOB,1758436.212530824,202908
fvN7GZvNAOB,1758436.212530824,202909
fvN7GZvNAOB,1758436.212530824,202910
fvN7GZvNAOB,1758436.212530824,202911
fvN7GZvNAOB,1758436.212530824,202912
fvN7GZvNAOB,1774864.7248219072,203001
fvN7GZvNAOB,1774864.7248219072,203002
fvN7GZvNAOB,1774864.7248219072,203003
fvN7GZvNAOB,1774864.7248219072,203004
fvN7GZvNAOB,1774864.7248219072,203005
fvN7GZvNAOB,1774864.7248219072,203006
fvN7GZvNAOB,1774864.7248219072,203007
fvN7GZvNAOB,1774864.7248219072,203008
fvN7GZvNAOB,1774864.7248219072,203009
fvN7GZvNAOB,1774864.7248219072,203010
fvN7GZvNAOB,1774864.7248219072,203011
fvN7GZvNAOB,1774864.7248219072,203012
wtU6v09Kbe0,2568926.544974707,201501
wtU6v09Kbe0,2568926.544974707,201502
wtU6v09Kbe0,2568926.544974707,201503
wtU6v09Kbe0,2568926.544974707,201504
wtU6v09Kbe0,2568926.544974707,201505
wtU6v09Kbe0,2568926.544974707,201506
wtU6v09Kbe0,2568926.544974707,201507
wtU6v09Kbe0,2568926.544974707,201508
wtU6v09Kbe0,2568926.544974707,201509
wtU6v09Kbe0,2568926.544974707,201510
wtU6v09Kbe0,2568926.544974707,201511
wtU6v09Kbe0,2568926.544974707,201512
wtU6v09Kbe0,2586483.341628584,201601
wtU6v09Kbe0,2586483.341628584,201602
wtU6v09Kbe0,2586483.341628584,201603
wtU6v09Kbe0,2586483.341628584,201604
wtU6v09Kbe0,2586483.341628584,201605
wtU6v09Kbe0,2586483.341628584,201606
wtU6v09Kbe0,2586483.341628584,201607
wtU6v09Kbe0,2586483.341628584,201608
wtU6v09Kbe0,2586483.341628584,201609
wtU6v09Kbe0,2586483.341628584,201610
wtU6v09Kbe0,2586483.341628584,201611
wtU6v09Kbe0,2586483.341628584,201612
wtU6v09Kbe0,2593353.924591756,201701
wtU6v09Kbe0,2593353.924591756,201702
wtU6v09Kbe0,2593353.924591756,201703
wtU6v09Kbe0,2593353.924591756,201704
wtU6v09Kbe0,2593353.924591756,201705
wtU6v09Kbe0,2593353.924591756,201706
wtU6v09Kbe0,2593353.924591756,201707
wtU6v09Kbe0,2593353.924591756,201708
wtU6v09Kbe0,2593353.924591756,201709
wtU6v09Kbe0,2593353.924591756,201710
wtU6v09Kbe0,2593353.924591756,201711
wtU6v09Kbe0,2593353.924591756,201712
wtU6v09Kbe0,2596821.3886485775,201801
wtU6v09Kbe0,2596821.3886485775,201802
wtU6v09Kbe0,2596821.3886485775,201803
wtU6v09Kbe0,2596821.3886485775,201804
wtU6v09Kbe0,2596821.3886485775,201805
wtU6v09Kbe0,2596821.3886485775,201806
wtU6v09Kbe0,2596821.3886485775,201807
wtU6v09Kbe0,2596821.3886485775,201808
wtU6v09Kbe0,2596821.3886485775,201809
wtU6v09Kbe0,2596821.3886485775,201810
wtU6v09Kbe0,2596821.3886485775,201811
wtU6v09Kbe0,2596821.3886485775,201812
wtU6v09Kbe0,2606033.105600353,201901
wtU6v09Kbe0,2606033.105600353,201902
wtU6v09Kbe0,2606033.105600353,201903
wtU6v09Kbe0,2606033.105600353,201904
wtU6v09Kbe0,2606033.105600353,201905
wtU6v09Kbe0,2606033.105600353,201906
wtU6v09Kbe0,2606033.105600353,201907
wtU6v09Kbe0,2606033.105600353,201908
wtU6v09Kbe0,2606033.105600353,201909
wtU6v09Kbe0,2606033.105600353,201910
wtU6v09Kbe0,2606033.105600353,201911
wtU6v09Kbe0,2606033.105600353,201912
wtU6v09Kbe0,2658775.931336643,202001
wtU6v09Kbe0,2658775.931336643,202002
wtU6v09Kbe0,2658775.931336643,202003
wtU6v09Kbe0,2658775.931336643,202004
wtU6v09Kbe0,2658775.931336643,202005
wtU6v09Kbe0,2658775.931336643,202006
wtU6v09Kbe0,2658775.931336643,202007
wtU6v09Kbe0,2658775.931336643,202008
wtU6v09Kbe0,2658775.931336643,202009
wtU6v09Kbe0,2658775.931336643,202010
wtU6v09Kbe0,2658775.931336643,202011
wtU6v09Kbe0,2658775.931336643,202012
wtU6v09Kbe0,2708400.4874911774,202101
wtU6v09Kbe0,2708400.4874911774,202102
wtU6v09Kbe0,2708400.4874911774,202103
wtU6v09Kbe0,2708400.4874911774,202104
wtU6v09Kbe0,2708400.4874911774,202105
wtU6v09Kbe0,2708400.4874911774,202106
wtU6v09Kbe0,2708400.4874911774,202107
wtU6v09Kbe0,2708400.4874911774,202108
wtU6v09Kbe0,2708400.4874911774,202109
wtU6v09Kbe0,2708400.4874911774,202110
wtU6v09Kbe0,2708400.4874911774,202111
wtU6v09Kbe0,2708400.4874911774,202112
wtU6v09Kbe0,2752975.433437982,202201
wtU6v09Kbe0,2752975.433437982,202202
wtU6v09Kbe0,2752975.433437982,202203
wtU6v09Kbe0,2752975.433437982,202204
wtU6v09Kbe0,2752975.433437982,202205
wtU6v09Kbe0,2752975.433437982,202206
wtU6v09Kbe0,2752975.433437982,202207
wtU6v09Kbe0,2752975.433437982,202208
wtU6v09Kbe0,2752975.433437982,202209
wtU6v09Kbe0,2752975.433437982,202210
wtU6v09Kbe0,2752975.433437982,202211
wtU6v09Kbe0,2752975.433437982,202212
wtU6v09Kbe0,2752946.368762303,202301
wtU6v09Kbe0,2752946.368762303,202302
wtU6v09Kbe0,2752946.368762303,202303
wtU6v09Kbe0,2752946.368762303,202304
wtU6v09Kbe0,2752946.368762303,202305
wtU6v09Kbe0,2752946.368762303,202306
wtU6v09Kbe0,2752946.368762303,202307
wtU6v09Kbe0,2752946.368762303,202308
wtU6v09Kbe0,2752946.368762303,202309
wtU6v09Kbe0,2752946.368762303,202310
wtU6v09Kbe0,2752946.368762303,202311
wtU6v09Kbe0,2752946.368762303,202312
wtU6v09Kbe0,2749117.886748147,202401
wtU6v09Kbe0,2749117.886748147,202402
wtU6v09Kbe0,2749117.886748147,202403
wtU6v09Kbe0,2749117.886748147,202404
wtU6v09Kbe0,2749117.886748147,202405
wtU6v09Kbe0,2749117.886748147,202406
wtU6v09Kbe0,2749117.886748147,202407
wtU6v09Kbe0,2749117.886748147,202408
wtU6v09Kbe0,2749117.886748147,202409
wtU6v09Kbe0,2749117.886748147,202410
wtU6v09Kbe0,2749117.886748147,202411
wtU6v09Kbe0,2749117.886748147,202412
wtU6v09Kbe0,2744876.255045251,202501
wtU6v09Kbe0,2744876.255045251,202502
wtU6v09Kbe0,2744876.255045251,202503
wtU6v09Kbe0,2744876.255045251,202504
wtU6v09Kbe0,2744876.255045251,202505
wtU6v09Kbe0,2744876.255045251,202506
wtU6v09Kbe0,2744876.255045251,202507
wtU6v09Kbe0,2744876.255045251,202508
wtU6v09Kbe0,2744876.255045251,202509
wtU6v09Kbe0,2744876.255045251,202510
wtU6v09Kbe0,2744876.255045251,202511
wtU6v09Kbe0,2744876.255045251,202512
wtU6v09Kbe0,2743015.9429088375,202601
wtU6v09Kbe0,2743015.9429088375,202602
wtU6v09Kbe0,2743015.9429088375,202603
wtU6v09Kbe0,2743015.9429088375,202604
wtU6v09Kbe0,2743015.9429088375,202605
wtU6v09Kbe0,2743015.9429088375,202606
wtU6v09Kbe0,2743015.9429088375,202607
wtU6v09Kbe0,2743015.9429088375,202608
wtU6v09Kbe0,2743015.9429088375,202609
wtU6v09Kbe0,2743015.9429088375,202610
wtU6v09Kbe0,2743015.9429088375,202611
wtU6v09Kbe0,2743015.9429088375,202612
wtU6v09Kbe0,2746967.851819141,202701
wtU6v09Kbe0,2746967.851819141,202702
wtU6v09Kbe0,2746967.851819141,202703
wtU6v09Kbe0,2746967.851819141,202704
wtU6v09Kbe0,2746967.851819141,202705
wtU6v09Kbe0,2746967.851819141,202706
wtU6v09Kbe0,2746967.851819141,202707
wtU6v09Kbe0,2746967.851819141,202708
wtU6v09Kbe0,2746967.851819141,202709
wtU6v09Kbe0,2746967.851819141,202710
wtU6v09Kbe0,2746967.851819141,202711
wtU6v09Kbe0,2746967.851819141,202712
wtU6v09Kbe0,2761123.9736412223,202801
wtU6v09Kbe0,2761123.9736412223,202802
wtU6v09Kbe0,2761123.9736412223,202803
wtU6v09Kbe0,2761123.9736412223,202804
wtU6v09Kbe0,2761123.9736412223,202805
wtU6v09Kbe0,2761123.9736412223,202806
wtU6v09Kbe0,2761123.9736412223,202807
wtU6v09Kbe0,2761123.9736412223,202808
wtU6v09Kbe0,2761123.9736412223,202809
wtU6v09Kbe0,2761123.9736412223,202810
wtU6v09Kbe0,2761123.9736412223,202811
wtU6v09Kbe0,2761123.9736412223,202812
wtU6v09Kbe0,2787799.2369787805,202901
wtU6v09Kbe0,2787799.2369787805,202902
wtU6v09Kbe0,2787799.2369787805,202903
wtU6v09Kbe0,2787799.2369787805,202904
wtU6v09Kbe0,2787799.2369787805,202905
wtU6v09Kbe0,2787799.2369787805,202906
wtU6v09Kbe0,2787799.2369787805,202907
wtU6v09Kbe0,2787799.2369787805,202908
wtU6v09Kbe0,2787799.2369787805,202909
wtU6v09Kbe0,2787799.2369787805,202910
wtU6v09Kbe0,2787799.2369787805,202911
wtU6v09Kbe0,2787799.2369787805,202912
wtU6v09Kbe0,2813830.109013319,203001
wtU6v09Kbe0,2813830.109013319,203002
wtU6v09Kbe0,2813830.109013319,203003
wtU6v09Kbe0,2813830.109013319,203004
wtU6v09Kbe0,2813830.109013319,203005
wtU6v09Kbe0,2813830.109013319,203006
wtU6v09Kbe0,2813830.109013319,203007
wtU6v09Kbe0,2813830.109013319,203008
wtU6v09Kbe0,2813830.109013319,203009
wtU6v09Kbe0,2813830.109013319,203010
wtU6v09Kbe0,2813830.109013319,203011
wtU6v09Kbe0,2813830.109013319,203012
