location,time_period,disease_cases
A3R7UT64jHf,202201,0.0
A3R7UT64jHf,202202,0.0
A3R7UT64jHf,202203,0.0
A3R7UT64jHf,202204,0.0
A3R7UT64jHf,202205,1.0
A3R7UT64jHf,202206,0.0
A3R7UT64jHf,202207,2.0
A3R7UT64jHf,202208,5.0
A3R7UT64jHf,202209,70.0
A3R7UT64jHf,202210,45.0
A3R7UT64jHf,202211,15.0
A3R7UT64jHf,202212,3.0
A3R7UT64jHf,202301,0.0
A3R7UT64jHf,202302,0.0
A3R7UT64jHf,202303,0.0
A3R7UT64jHf,202304,0.0
A3R7UT64jHf,202305,1.0
A3R7UT64jHf,202306,0.0
A3R7UT64jHf,202307,2.0
A3R7UT64jHf,202308,13.0
A3R7UT64jHf,202309,11.0
A3R7UT64jHf,202310,14.0
A3R7UT64jHf,202311,4.0
A3R7UT64jHf,202312,1.0
A3R7UT64jHf,202401,0.0
A3R7UT64jHf,202402,0.0
A3R7UT64jHf,202403,1.0
A3R7UT64jHf,202404,4.0
A3R7UT64jHf,202405,5.0
A3R7UT64jHf,202406,3.0
A3R7UT64jHf,202407,2.0
A3R7UT64jHf,202408,6.0
A3R7UT64jHf,202409,25.0
A3R7UT64jHf,202410,25.0
A3R7UT64jHf,202411,17.0
A3R7UT64jHf,202412,0.0
A3TeVhjjS2u,202201,0.0
A3TeVhjjS2u,202202,0.0
A3TeVhjjS2u,202203,0.0
A3TeVhjjS2u,202204,0.0
A3TeVhjjS2u,202205,0.0
A3TeVhjjS2u,202206,0.0
A3TeVhjjS2u,202207,6.0
A3TeVhjjS2u,202208,12.0
A3TeVhjjS2u,202209,70.0
A3TeVhjjS2u,202210,57.0
A3TeVhjjS2u,202211,32.0
A3TeVhjjS2u,202212,4.0
A3TeVhjjS2u,202301,0.0
A3TeVhjjS2u,202302,0.0
A3TeVhjjS2u,202303,0.0
A3TeVhjjS2u,202304,2.0
A3TeVhjjS2u,202305,1.0
A3TeVhjjS2u,202306,1.0
A3TeVhjjS2u,202307,0.0
A3TeVhjjS2u,202308,10.0
A3TeVhjjS2u,202309,9.0
A3TeVhjjS2u,202310,363.0
A3TeVhjjS2u,202311,152.0
A3TeVhjjS2u,202312,2.0
A3TeVhjjS2u,202401,0.0
A3TeVhjjS2u,202402,2.0
A3TeVhjjS2u,202403,4.0
A3TeVhjjS2u,202404,0.0
A3TeVhjjS2u,202405,2.0
A3TeVhjjS2u,202406,1.0
A3TeVhjjS2u,202407,12.0
A3TeVhjjS2u,202408,57.0
A3TeVhjjS2u,202409,287.0
A3TeVhjjS2u,202410,602.0
A3TeVhjjS2u,202411,395.0
A3TeVhjjS2u,202412,0.0
B7X957nA1lM,202201,0.0
B7X957nA1lM,202202,0.0
B7X957nA1lM,202203,0.0
B7X957nA1lM,202204,0.0
B7X957nA1lM,202205,0.0
B7X957nA1lM,202206,1.0
B7X957nA1lM,202207,3.0
B7X957nA1lM,202208,4.0
B7X957nA1lM,202209,27.0
B7X957nA1lM,202210,15.0
B7X957nA1lM,202211,6.0
B7X957nA1lM,202212,0.0
B7X957nA1lM,202301,0.0
B7X957nA1lM,202302,0.0
B7X957nA1lM,202303,0.0
B7X957nA1lM,202304,0.0
B7X957nA1lM,202305,0.0
B7X957nA1lM,202306,0.0
B7X957nA1lM,202307,2.0
B7X957nA1lM,202308,18.0
B7X957nA1lM,202309,25.0
B7X957nA1lM,202310,31.0
B7X957nA1lM,202311,14.0
B7X957nA1lM,202312,6.0
B7X957nA1lM,202401,5.0
B7X957nA1lM,202402,15.0
B7X957nA1lM,202403,6.0
B7X957nA1lM,202404,3.0
B7X957nA1lM,202405,7.0
B7X957nA1lM,202406,8.0
B7X957nA1lM,202407,14.0
B7X957nA1lM,202408,22.0
B7X957nA1lM,202409,25.0
B7X957nA1lM,202410,60.0
B7X957nA1lM,202411,20.0
B7X957nA1lM,202412,1.0
BITtrV4c0xf,202201,0.0
BITtrV4c0xf,202202,0.0
BITtrV4c0xf,202203,0.0
BITtrV4c0xf,202204,0.0
BITtrV4c0xf,202205,0.0
BITtrV4c0xf,202206,0.0
BITtrV4c0xf,202207,1.0
BITtrV4c0xf,202208,3.0
BITtrV4c0xf,202209,25.0
BITtrV4c0xf,202210,14.0
BITtrV4c0xf,202211,3.0
BITtrV4c0xf,202212,0.0
BITtrV4c0xf,202301,0.0
BITtrV4c0xf,202302,1.0
BITtrV4c0xf,202303,1.0
BITtrV4c0xf,202304,0.0
BITtrV4c0xf,202305,1.0
BITtrV4c0xf,202306,0.0
BITtrV4c0xf,202307,5.0
BITtrV4c0xf,202308,34.0
BITtrV4c0xf,202309,29.0
BITtrV4c0xf,202310,19.0
BITtrV4c0xf,202311,10.0
BITtrV4c0xf,202312,1.0
BITtrV4c0xf,202401,0.0
BITtrV4c0xf,202402,2.0
BITtrV4c0xf,202403,3.0
BITtrV4c0xf,202404,1.0
BITtrV4c0xf,202405,0.0
BITtrV4c0xf,202406,1.0
BITtrV4c0xf,202407,0.0
BITtrV4c0xf,202408,6.0
BITtrV4c0xf,202409,19.0
BITtrV4c0xf,202410,19.0
BITtrV4c0xf,202411,6.0
BITtrV4c0xf,202412,0.0
BdLcDbLQd88,202201,0.0
BdLcDbLQd88,202202,0.0
BdLcDbLQd88,202203,0.0
BdLcDbLQd88,202204,0.0
BdLcDbLQd88,202205,0.0
BdLcDbLQd88,202206,0.0
BdLcDbLQd88,202207,0.0
BdLcDbLQd88,202208,0.0
BdLcDbLQd88,202209,6.0
BdLcDbLQd88,202210,10.0
BdLcDbLQd88,202211,3.0
BdLcDbLQd88,202212,0.0
BdLcDbLQd88,202301,0.0
BdLcDbLQd88,202302,0.0
BdLcDbLQd88,202303,0.0
BdLcDbLQd88,202304,0.0
BdLcDbLQd88,202305,0.0
BdLcDbLQd88,202306,1.0
BdLcDbLQd88,202307,10.0
BdLcDbLQd88,202308,21.0
BdLcDbLQd88,202309,0.0
BdLcDbLQd88,202310,4.0
BdLcDbLQd88,202311,0.0
BdLcDbLQd88,202312,0.0
BdLcDbLQd88,202401,0.0
BdLcDbLQd88,202402,0.0
BdLcDbLQd88,202403,0.0
BdLcDbLQd88,202404,0.0
BdLcDbLQd88,202405,1.0
BdLcDbLQd88,202406,0.0
BdLcDbLQd88,202407,1.0
BdLcDbLQd88,202408,2.0
BdLcDbLQd88,202409,2.0
BdLcDbLQd88,202410,4.0
BdLcDbLQd88,202411,5.0
BdLcDbLQd88,202412,0.0
BywOwm8jUhf,202201,0.0
BywOwm8jUhf,202202,0.0
BywOwm8jUhf,202203,0.0
BywOwm8jUhf,202204,0.0
BywOwm8jUhf,202205,0.0
BywOwm8jUhf,202206,2.0
BywOwm8jUhf,202207,0.0
BywOwm8jUhf,202208,10.0
BywOwm8jUhf,202209,270.0
BywOwm8jUhf,202210,44.0
BywOwm8jUhf,202211,12.0
BywOwm8jUhf,202212,11.0
BywOwm8jUhf,202301,9.0
BywOwm8jUhf,202302,33.0
BywOwm8jUhf,202303,117.0
BywOwm8jUhf,202304,15.0
BywOwm8jUhf,202305,9.0
BywOwm8jUhf,202306,5.0
BywOwm8jUhf,202307,3.0
BywOwm8jUhf,202308,38.0
BywOwm8jUhf,202309,15.0
BywOwm8jUhf,202310,18.0
BywOwm8jUhf,202311,4.0
BywOwm8jUhf,202312,1.0
BywOwm8jUhf,202401,0.0
BywOwm8jUhf,202402,0.0
BywOwm8jUhf,202403,0.0
BywOwm8jUhf,202404,1.0
BywOwm8jUhf,202405,7.0
BywOwm8jUhf,202406,6.0
BywOwm8jUhf,202407,5.0
BywOwm8jUhf,202408,7.0
BywOwm8jUhf,202409,19.0
BywOwm8jUhf,202410,12.0
BywOwm8jUhf,202411,5.0
BywOwm8jUhf,202412,0.0
CNFRaFUfLjo,202201,1.0
CNFRaFUfLjo,202202,0.0
CNFRaFUfLjo,202203,1.0
CNFRaFUfLjo,202204,0.0
CNFRaFUfLjo,202205,1.0
CNFRaFUfLjo,202206,1.0
CNFRaFUfLjo,202207,2.0
CNFRaFUfLjo,202208,5.0
CNFRaFUfLjo,202209,68.0
CNFRaFUfLjo,202210,125.0
CNFRaFUfLjo,202211,35.0
CNFRaFUfLjo,202212,16.0
CNFRaFUfLjo,202301,5.0
CNFRaFUfLjo,202302,2.0
CNFRaFUfLjo,202303,6.0
CNFRaFUfLjo,202304,3.0
CNFRaFUfLjo,202305,0.0
CNFRaFUfLjo,202306,8.0
CNFRaFUfLjo,202307,453.0
CNFRaFUfLjo,202308,854.0
CNFRaFUfLjo,202309,2212.0
CNFRaFUfLjo,202310,184.0
CNFRaFUfLjo,202311,70.0
CNFRaFUfLjo,202312,28.0
CNFRaFUfLjo,202401,22.0
CNFRaFUfLjo,202402,17.0
CNFRaFUfLjo,202403,11.0
CNFRaFUfLjo,202404,10.0
CNFRaFUfLjo,202405,44.0
CNFRaFUfLjo,202406,15.0
CNFRaFUfLjo,202407,10.0
CNFRaFUfLjo,202408,38.0
CNFRaFUfLjo,202409,46.0
CNFRaFUfLjo,202410,43.0
CNFRaFUfLjo,202411,31.0
CNFRaFUfLjo,202412,1.0
D51gR5DC5vt,202201,1.0
D51gR5DC5vt,202202,0.0
D51gR5DC5vt,202203,0.0
D51gR5DC5vt,202204,0.0
D51gR5DC5vt,202205,0.0
D51gR5DC5vt,202206,0.0
D51gR5DC5vt,202207,6.0
D51gR5DC5vt,202208,6.0
D51gR5DC5vt,202209,10.0
D51gR5DC5vt,202210,4.0
D51gR5DC5vt,202211,1.0
D51gR5DC5vt,202212,3.0
D51gR5DC5vt,202301,0.0
D51gR5DC5vt,202302,0.0
D51gR5DC5vt,202303,0.0
D51gR5DC5vt,202304,0.0
D51gR5DC5vt,202305,0.0
D51gR5DC5vt,202306,0.0
D51gR5DC5vt,202307,2.0
D51gR5DC5vt,202308,0.0
D51gR5DC5vt,202309,0.0
D51gR5DC5vt,202310,0.0
D51gR5DC5vt,202311,0.0
D51gR5DC5vt,202312,1.0
D51gR5DC5vt,202401,0.0
D51gR5DC5vt,202402,0.0
D51gR5DC5vt,202403,0.0
D51gR5DC5vt,202404,0.0
D51gR5DC5vt,202405,0.0
D51gR5DC5vt,202406,0.0
D51gR5DC5vt,202407,0.0
D51gR5DC5vt,202408,2.0
D51gR5DC5vt,202409,4.0
D51gR5DC5vt,202410,6.0
D51gR5DC5vt,202411,2.0
D51gR5DC5vt,202412,0.0
DLyaDAF00hm,202201,0.0
DLyaDAF00hm,202202,0.0
DLyaDAF00hm,202203,0.0
DLyaDAF00hm,202204,0.0
DLyaDAF00hm,202205,0.0
DLyaDAF00hm,202206,0.0
DLyaDAF00hm,202207,0.0
DLyaDAF00hm,202208,5.0
DLyaDAF00hm,202209,36.0
DLyaDAF00hm,202210,0.0
DLyaDAF00hm,202211,16.0
DLyaDAF00hm,202212,4.0
DLyaDAF00hm,202301,1.0
DLyaDAF00hm,202302,0.0
DLyaDAF00hm,202303,0.0
DLyaDAF00hm,202304,0.0
DLyaDAF00hm,202305,0.0
DLyaDAF00hm,202306,0.0
DLyaDAF00hm,202307,5.0
DLyaDAF00hm,202308,10.0
DLyaDAF00hm,202309,6.0
DLyaDAF00hm,202310,9.0
DLyaDAF00hm,202311,5.0
DLyaDAF00hm,202312,1.0
DLyaDAF00hm,202401,0.0
DLyaDAF00hm,202402,0.0
DLyaDAF00hm,202403,0.0
DLyaDAF00hm,202404,1.0
DLyaDAF00hm,202405,0.0
DLyaDAF00hm,202406,0.0
DLyaDAF00hm,202407,0.0
DLyaDAF00hm,202408,0.0
DLyaDAF00hm,202409,9.0
DLyaDAF00hm,202410,9.0
DLyaDAF00hm,202411,4.0
DLyaDAF00hm,202412,0.0
EXKX4gJ9D6Y,202201,0.0
EXKX4gJ9D6Y,202202,0.0
EXKX4gJ9D6Y,202203,0.0
EXKX4gJ9D6Y,202204,0.0
EXKX4gJ9D6Y,202205,2.0
EXKX4gJ9D6Y,202206,1.0
EXKX4gJ9D6Y,202207,1.0
EXKX4gJ9D6Y,202208,19.0
EXKX4gJ9D6Y,202209,63.0
EXKX4gJ9D6Y,202210,37.0
EXKX4gJ9D6Y,202211,30.0
EXKX4gJ9D6Y,202212,1.0
EXKX4gJ9D6Y,202301,0.0
EXKX4gJ9D6Y,202302,1.0
EXKX4gJ9D6Y,202303,0.0
EXKX4gJ9D6Y,202304,1.0
EXKX4gJ9D6Y,202305,1.0
EXKX4gJ9D6Y,202306,1.0
EXKX4gJ9D6Y,202307,0.0
EXKX4gJ9D6Y,202308,34.0
EXKX4gJ9D6Y,202309,3.0
EXKX4gJ9D6Y,202310,27.0
EXKX4gJ9D6Y,202311,2.0
EXKX4gJ9D6Y,202312,4.0
EXKX4gJ9D6Y,202401,0.0
EXKX4gJ9D6Y,202402,0.0
EXKX4gJ9D6Y,202403,0.0
EXKX4gJ9D6Y,202404,0.0
EXKX4gJ9D6Y,202405,0.0
EXKX4gJ9D6Y,202406,2.0
EXKX4gJ9D6Y,202407,1.0
EXKX4gJ9D6Y,202408,11.0
EXKX4gJ9D6Y,202409,27.0
EXKX4gJ9D6Y,202410,26.0
EXKX4gJ9D6Y,202411,15.0
EXKX4gJ9D6Y,202412,1.0
F5xI4hl77mT,202201,1.0
F5xI4hl77mT,202202,0.0
F5xI4hl77mT,202203,2.0
F5xI4hl77mT,202204,1.0
F5xI4hl77mT,202205,0.0
F5xI4hl77mT,202206,7.0
F5xI4hl77mT,202207,109.0
F5xI4hl77mT,202208,315.0
F5xI4hl77mT,202209,374.0
F5xI4hl77mT,202210,370.0
F5xI4hl77mT,202211,20.0
F5xI4hl77mT,202212,16.0
F5xI4hl77mT,202301,7.0
F5xI4hl77mT,202302,6.0
F5xI4hl77mT,202303,4.0
F5xI4hl77mT,202304,3.0
F5xI4hl77mT,202305,0.0
F5xI4hl77mT,202306,6.0
F5xI4hl77mT,202307,19.0
F5xI4hl77mT,202308,47.0
F5xI4hl77mT,202309,73.0
F5xI4hl77mT,202310,101.0
F5xI4hl77mT,202311,21.0
F5xI4hl77mT,202312,6.0
F5xI4hl77mT,202401,3.0
F5xI4hl77mT,202402,8.0
F5xI4hl77mT,202403,6.0
F5xI4hl77mT,202404,9.0
F5xI4hl77mT,202405,2.0
F5xI4hl77mT,202406,2.0
F5xI4hl77mT,202407,12.0
F5xI4hl77mT,202408,28.0
F5xI4hl77mT,202409,81.0
F5xI4hl77mT,202410,46.0
F5xI4hl77mT,202411,51.0
F5xI4hl77mT,202412,0.0
Fh294RrB7an,202201,0.0
Fh294RrB7an,202202,0.0
Fh294RrB7an,202203,0.0
Fh294RrB7an,202204,0.0
Fh294RrB7an,202205,0.0
Fh294RrB7an,202206,3.0
Fh294RrB7an,202207,1.0
Fh294RrB7an,202208,3.0
Fh294RrB7an,202209,68.0
Fh294RrB7an,202210,94.0
Fh294RrB7an,202211,37.0
Fh294RrB7an,202212,8.0
Fh294RrB7an,202301,1.0
Fh294RrB7an,202302,0.0
Fh294RrB7an,202303,0.0
Fh294RrB7an,202304,0.0
Fh294RrB7an,202305,0.0
Fh294RrB7an,202306,1.0
Fh294RrB7an,202307,4.0
Fh294RrB7an,202308,3.0
Fh294RrB7an,202309,31.0
Fh294RrB7an,202310,18.0
Fh294RrB7an,202311,2.0
Fh294RrB7an,202312,0.0
Fh294RrB7an,202401,2.0
Fh294RrB7an,202402,1.0
Fh294RrB7an,202403,0.0
Fh294RrB7an,202404,1.0
Fh294RrB7an,202405,1.0
Fh294RrB7an,202406,0.0
Fh294RrB7an,202407,1.0
Fh294RrB7an,202408,14.0
Fh294RrB7an,202409,22.0
Fh294RrB7an,202410,46.0
Fh294RrB7an,202411,24.0
Fh294RrB7an,202412,0.0
GnpIwWbdxdl,202201,0.0
GnpIwWbdxdl,202202,0.0
GnpIwWbdxdl,202203,0.0
GnpIwWbdxdl,202204,0.0
GnpIwWbdxdl,202205,1.0
GnpIwWbdxdl,202206,1.0
GnpIwWbdxdl,202207,1.0
GnpIwWbdxdl,202208,1.0
GnpIwWbdxdl,202209,21.0
GnpIwWbdxdl,202210,12.0
GnpIwWbdxdl,202211,3.0
GnpIwWbdxdl,202212,0.0
GnpIwWbdxdl,202301,1.0
GnpIwWbdxdl,202302,1.0
GnpIwWbdxdl,202303,1.0
GnpIwWbdxdl,202304,2.0
GnpIwWbdxdl,202305,5.0
GnpIwWbdxdl,202306,4.0
GnpIwWbdxdl,202307,26.0
GnpIwWbdxdl,202308,44.0
GnpIwWbdxdl,202309,34.0
GnpIwWbdxdl,202310,54.0
GnpIwWbdxdl,202311,0.0
GnpIwWbdxdl,202312,0.0
GnpIwWbdxdl,202401,0.0
GnpIwWbdxdl,202402,0.0
GnpIwWbdxdl,202403,10.0
GnpIwWbdxdl,202404,12.0
GnpIwWbdxdl,202405,2.0
GnpIwWbdxdl,202406,9.0
GnpIwWbdxdl,202407,16.0
GnpIwWbdxdl,202408,20.0
GnpIwWbdxdl,202409,32.0
GnpIwWbdxdl,202410,32.0
GnpIwWbdxdl,202411,22.0
GnpIwWbdxdl,202412,0.0
HL5fSUsp2vJ,202201,0.0
HL5fSUsp2vJ,202202,0.0
HL5fSUsp2vJ,202203,0.0
HL5fSUsp2vJ,202204,0.0
HL5fSUsp2vJ,202205,0.0
HL5fSUsp2vJ,202206,0.0
HL5fSUsp2vJ,202207,1.0
HL5fSUsp2vJ,202208,0.0
HL5fSUsp2vJ,202209,26.0
HL5fSUsp2vJ,202210,4.0
HL5fSUsp2vJ,202211,5.0
HL5fSUsp2vJ,202212,0.0
HL5fSUsp2vJ,202301,0.0
HL5fSUsp2vJ,202302,0.0
HL5fSUsp2vJ,202303,0.0
HL5fSUsp2vJ,202304,0.0
HL5fSUsp2vJ,202305,1.0
HL5fSUsp2vJ,202306,0.0
HL5fSUsp2vJ,202307,2.0
HL5fSUsp2vJ,202308,2.0
HL5fSUsp2vJ,202309,3.0
HL5fSUsp2vJ,202310,5.0
HL5fSUsp2vJ,202311,0.0
HL5fSUsp2vJ,202312,0.0
HL5fSUsp2vJ,202401,0.0
HL5fSUsp2vJ,202402,0.0
HL5fSUsp2vJ,202403,0.0
HL5fSUsp2vJ,202404,1.0
HL5fSUsp2vJ,202405,1.0
HL5fSUsp2vJ,202406,1.0
HL5fSUsp2vJ,202407,1.0
HL5fSUsp2vJ,202408,5.0
HL5fSUsp2vJ,202409,19.0
HL5fSUsp2vJ,202410,10.0
HL5fSUsp2vJ,202411,1.0
HL5fSUsp2vJ,202412,0.0
HfIRB3HRHvk,202201,0.0
HfIRB3HRHvk,202202,0.0
HfIRB3HRHvk,202203,0.0
HfIRB3HRHvk,202204,0.0
HfIRB3HRHvk,202205,0.0
HfIRB3HRHvk,202206,0.0
HfIRB3HRHvk,202207,6.0
HfIRB3HRHvk,202208,86.0
HfIRB3HRHvk,202209,1151.0
HfIRB3HRHvk,202210,4204.0
HfIRB3HRHvk,202211,677.0
HfIRB3HRHvk,202212,21.0
HfIRB3HRHvk,202301,5.0
HfIRB3HRHvk,202302,9.0
HfIRB3HRHvk,202303,12.0
HfIRB3HRHvk,202304,5.0
HfIRB3HRHvk,202305,2.0
HfIRB3HRHvk,202306,3.0
HfIRB3HRHvk,202307,35.0
HfIRB3HRHvk,202308,154.0
HfIRB3HRHvk,202309,125.0
HfIRB3HRHvk,202310,241.0
HfIRB3HRHvk,202311,30.0
HfIRB3HRHvk,202312,9.0
HfIRB3HRHvk,202401,14.0
HfIRB3HRHvk,202402,3.0
HfIRB3HRHvk,202403,2.0
HfIRB3HRHvk,202404,3.0
HfIRB3HRHvk,202405,4.0
HfIRB3HRHvk,202406,7.0
HfIRB3HRHvk,202407,7.0
HfIRB3HRHvk,202408,41.0
HfIRB3HRHvk,202409,165.0
HfIRB3HRHvk,202410,705.0
HfIRB3HRHvk,202411,312.0
HfIRB3HRHvk,202412,0.0
HkwA8YQgJK6,202201,0.0
HkwA8YQgJK6,202202,0.0
HkwA8YQgJK6,202203,0.0
HkwA8YQgJK6,202204,0.0
HkwA8YQgJK6,202205,0.0
HkwA8YQgJK6,202206,0.0
HkwA8YQgJK6,202207,1.0
HkwA8YQgJK6,202208,1.0
HkwA8YQgJK6,202209,72.0
HkwA8YQgJK6,202210,8.0
HkwA8YQgJK6,202211,2.0
HkwA8YQgJK6,202212,1.0
HkwA8YQgJK6,202301,0.0
HkwA8YQgJK6,202302,2.0
HkwA8YQgJK6,202303,0.0
HkwA8YQgJK6,202304,0.0
HkwA8YQgJK6,202305,2.0
HkwA8YQgJK6,202306,0.0
HkwA8YQgJK6,202307,1.0
HkwA8YQgJK6,202308,29.0
HkwA8YQgJK6,202309,5.0
HkwA8YQgJK6,202310,1.0
HkwA8YQgJK6,202311,0.0
HkwA8YQgJK6,202312,0.0
HkwA8YQgJK6,202401,4.0
HkwA8YQgJK6,202402,8.0
HkwA8YQgJK6,202403,9.0
HkwA8YQgJK6,202404,6.0
HkwA8YQgJK6,202405,2.0
HkwA8YQgJK6,202406,20.0
HkwA8YQgJK6,202407,4.0
HkwA8YQgJK6,202408,3.0
HkwA8YQgJK6,202409,19.0
HkwA8YQgJK6,202410,25.0
HkwA8YQgJK6,202411,12.0
HkwA8YQgJK6,202412,1.0
ICSVN3EZGcy,202201,0.0
ICSVN3EZGcy,202202,0.0
ICSVN3EZGcy,202203,0.0
ICSVN3EZGcy,202204,0.0
ICSVN3EZGcy,202205,1.0
ICSVN3EZGcy,202206,0.0
ICSVN3EZGcy,202207,3.0
ICSVN3EZGcy,202208,3.0
ICSVN3EZGcy,202209,77.0
ICSVN3EZGcy,202210,150.0
ICSVN3EZGcy,202211,31.0
ICSVN3EZGcy,202212,10.0
ICSVN3EZGcy,202301,2.0
ICSVN3EZGcy,202302,0.0
ICSVN3EZGcy,202303,0.0
ICSVN3EZGcy,202304,2.0
ICSVN3EZGcy,202305,2.0
ICSVN3EZGcy,202306,1.0
ICSVN3EZGcy,202307,1.0
ICSVN3EZGcy,202308,9.0
ICSVN3EZGcy,202309,14.0
ICSVN3EZGcy,202310,35.0
ICSVN3EZGcy,202311,3.0
ICSVN3EZGcy,202312,0.0
ICSVN3EZGcy,202401,1.0
ICSVN3EZGcy,202402,0.0
ICSVN3EZGcy,202403,2.0
ICSVN3EZGcy,202404,1.0
ICSVN3EZGcy,202405,2.0
ICSVN3EZGcy,202406,3.0
ICSVN3EZGcy,202407,22.0
ICSVN3EZGcy,202408,620.0
ICSVN3EZGcy,202409,658.0
ICSVN3EZGcy,202410,421.0
ICSVN3EZGcy,202411,121.0
ICSVN3EZGcy,202412,0.0
IOHIfpVUJGp,202201,0.0
IOHIfpVUJGp,202202,0.0
IOHIfpVUJGp,202203,0.0
IOHIfpVUJGp,202204,0.0
IOHIfpVUJGp,202205,0.0
IOHIfpVUJGp,202206,0.0
IOHIfpVUJGp,202207,0.0
IOHIfpVUJGp,202208,10.0
IOHIfpVUJGp,202209,56.0
IOHIfpVUJGp,202210,32.0
IOHIfpVUJGp,202211,6.0
IOHIfpVUJGp,202212,2.0
IOHIfpVUJGp,202301,2.0
IOHIfpVUJGp,202302,0.0
IOHIfpVUJGp,202303,0.0
IOHIfpVUJGp,202304,1.0
IOHIfpVUJGp,202305,0.0
IOHIfpVUJGp,202306,0.0
IOHIfpVUJGp,202307,0.0
IOHIfpVUJGp,202308,4.0
IOHIfpVUJGp,202309,16.0
IOHIfpVUJGp,202310,14.0
IOHIfpVUJGp,202311,0.0
IOHIfpVUJGp,202312,0.0
IOHIfpVUJGp,202401,0.0
IOHIfpVUJGp,202402,1.0
IOHIfpVUJGp,202403,2.0
IOHIfpVUJGp,202404,2.0
IOHIfpVUJGp,202405,1.0
IOHIfpVUJGp,202406,0.0
IOHIfpVUJGp,202407,3.0
IOHIfpVUJGp,202408,4.0
IOHIfpVUJGp,202409,29.0
IOHIfpVUJGp,202410,47.0
IOHIfpVUJGp,202411,19.0
IOHIfpVUJGp,202412,0.0
Iqy9A4jXY9l,202201,0.0
Iqy9A4jXY9l,202202,0.0
Iqy9A4jXY9l,202203,0.0
Iqy9A4jXY9l,202204,0.0
Iqy9A4jXY9l,202205,0.0
Iqy9A4jXY9l,202206,0.0
Iqy9A4jXY9l,202207,1.0
Iqy9A4jXY9l,202208,5.0
Iqy9A4jXY9l,202209,80.0
Iqy9A4jXY9l,202210,105.0
Iqy9A4jXY9l,202211,20.0
Iqy9A4jXY9l,202212,7.0
Iqy9A4jXY9l,202301,1.0
Iqy9A4jXY9l,202302,0.0
Iqy9A4jXY9l,202303,0.0
Iqy9A4jXY9l,202304,0.0
Iqy9A4jXY9l,202305,0.0
Iqy9A4jXY9l,202306,2.0
Iqy9A4jXY9l,202307,0.0
Iqy9A4jXY9l,202308,24.0
Iqy9A4jXY9l,202309,21.0
Iqy9A4jXY9l,202310,428.0
Iqy9A4jXY9l,202311,21.0
Iqy9A4jXY9l,202312,5.0
Iqy9A4jXY9l,202401,5.0
Iqy9A4jXY9l,202402,5.0
Iqy9A4jXY9l,202403,3.0
Iqy9A4jXY9l,202404,1.0
Iqy9A4jXY9l,202405,4.0
Iqy9A4jXY9l,202406,3.0
Iqy9A4jXY9l,202407,19.0
Iqy9A4jXY9l,202408,76.0
Iqy9A4jXY9l,202409,168.0
Iqy9A4jXY9l,202410,107.0
Iqy9A4jXY9l,202411,40.0
Iqy9A4jXY9l,202412,1.0
JBTkOU5m0Bu,202201,1.0
JBTkOU5m0Bu,202202,0.0
JBTkOU5m0Bu,202203,0.0
JBTkOU5m0Bu,202204,0.0
JBTkOU5m0Bu,202205,0.0
JBTkOU5m0Bu,202206,0.0
JBTkOU5m0Bu,202207,0.0
JBTkOU5m0Bu,202208,4.0
JBTkOU5m0Bu,202209,17.0
JBTkOU5m0Bu,202210,7.0
JBTkOU5m0Bu,202211,4.0
JBTkOU5m0Bu,202212,0.0
JBTkOU5m0Bu,202301,0.0
JBTkOU5m0Bu,202302,0.0
JBTkOU5m0Bu,202303,1.0
JBTkOU5m0Bu,202304,0.0
JBTkOU5m0Bu,202305,1.0
JBTkOU5m0Bu,202306,4.0
JBTkOU5m0Bu,202307,3.0
JBTkOU5m0Bu,202308,30.0
JBTkOU5m0Bu,202309,20.0
JBTkOU5m0Bu,202310,13.0
JBTkOU5m0Bu,202311,0.0
JBTkOU5m0Bu,202312,0.0
JBTkOU5m0Bu,202401,0.0
JBTkOU5m0Bu,202402,0.0
JBTkOU5m0Bu,202403,0.0
JBTkOU5m0Bu,202404,1.0
JBTkOU5m0Bu,202405,1.0
JBTkOU5m0Bu,202406,1.0
JBTkOU5m0Bu,202407,1.0
JBTkOU5m0Bu,202408,1.0
JBTkOU5m0Bu,202409,16.0
JBTkOU5m0Bu,202410,7.0
JBTkOU5m0Bu,202411,3.0
JBTkOU5m0Bu,202412,0.0
JH8RPnwv8kB,202201,0.0
JH8RPnwv8kB,202202,0.0
JH8RPnwv8kB,202203,0.0
JH8RPnwv8kB,202204,0.0
JH8RPnwv8kB,202205,0.0
JH8RPnwv8kB,202206,1.0
JH8RPnwv8kB,202207,99.0
JH8RPnwv8kB,202208,1558.0
JH8RPnwv8kB,202209,6016.0
JH8RPnwv8kB,202210,1809.0
JH8RPnwv8kB,202211,120.0
JH8RPnwv8kB,202212,11.0
JH8RPnwv8kB,202301,4.0
JH8RPnwv8kB,202302,3.0
JH8RPnwv8kB,202303,1.0
JH8RPnwv8kB,202304,0.0
JH8RPnwv8kB,202305,2.0
JH8RPnwv8kB,202306,8.0
JH8RPnwv8kB,202307,75.0
JH8RPnwv8kB,202308,136.0
JH8RPnwv8kB,202309,82.0
JH8RPnwv8kB,202310,193.0
JH8RPnwv8kB,202311,31.0
JH8RPnwv8kB,202312,8.0
JH8RPnwv8kB,202401,10.0
JH8RPnwv8kB,202402,1.0
JH8RPnwv8kB,202403,4.0
JH8RPnwv8kB,202404,2.0
JH8RPnwv8kB,202405,1.0
JH8RPnwv8kB,202406,2.0
JH8RPnwv8kB,202407,11.0
JH8RPnwv8kB,202408,84.0
JH8RPnwv8kB,202409,400.0
JH8RPnwv8kB,202410,649.0
JH8RPnwv8kB,202411,275.0
JH8RPnwv8kB,202412,3.0
LnJ8MTOmgGa,202201,0.0
LnJ8MTOmgGa,202202,0.0
LnJ8MTOmgGa,202203,0.0
LnJ8MTOmgGa,202204,0.0
LnJ8MTOmgGa,202205,1.0
LnJ8MTOmgGa,202206,0.0
LnJ8MTOmgGa,202207,0.0
LnJ8MTOmgGa,202208,2.0
LnJ8MTOmgGa,202209,75.0
LnJ8MTOmgGa,202210,192.0
LnJ8MTOmgGa,202211,8.0
LnJ8MTOmgGa,202212,0.0
LnJ8MTOmgGa,202301,0.0
LnJ8MTOmgGa,202302,2.0
LnJ8MTOmgGa,202303,1.0
LnJ8MTOmgGa,202304,0.0
LnJ8MTOmgGa,202305,0.0
LnJ8MTOmgGa,202306,2.0
LnJ8MTOmgGa,202307,7.0
LnJ8MTOmgGa,202308,12.0
LnJ8MTOmgGa,202309,41.0
LnJ8MTOmgGa,202310,26.0
LnJ8MTOmgGa,202311,1.0
LnJ8MTOmgGa,202312,0.0
LnJ8MTOmgGa,202401,1.0
LnJ8MTOmgGa,202402,0.0
LnJ8MTOmgGa,202403,1.0
LnJ8MTOmgGa,202404,1.0
LnJ8MTOmgGa,202405,1.0
LnJ8MTOmgGa,202406,6.0
LnJ8MTOmgGa,202407,5.0
LnJ8MTOmgGa,202408,8.0
LnJ8MTOmgGa,202409,14.0
LnJ8MTOmgGa,202410,23.0
LnJ8MTOmgGa,202411,8.0
LnJ8MTOmgGa,202412,0.0
N7ioObCpMP3,202201,1.0
N7ioObCpMP3,202202,0.0
N7ioObCpMP3,202203,0.0
N7ioObCpMP3,202204,0.0
N7ioObCpMP3,202205,0.0
N7ioObCpMP3,202206,1.0
N7ioObCpMP3,202207,6.0
N7ioObCpMP3,202208,6.0
N7ioObCpMP3,202209,25.0
N7ioObCpMP3,202210,6.0
N7ioObCpMP3,202211,4.0
N7ioObCpMP3,202212,0.0
N7ioObCpMP3,202301,0.0
N7ioObCpMP3,202302,0.0
N7ioObCpMP3,202303,0.0
N7ioObCpMP3,202304,0.0
N7ioObCpMP3,202305,0.0
N7ioObCpMP3,202306,0.0
N7ioObCpMP3,202307,0.0
N7ioObCpMP3,202308,8.0
N7ioObCpMP3,202309,7.0
N7ioObCpMP3,202310,13.0
N7ioObCpMP3,202311,1.0
N7ioObCpMP3,202312,0.0
N7ioObCpMP3,202401,0.0
N7ioObCpMP3,202402,0.0
N7ioObCpMP3,202403,1.0
N7ioObCpMP3,202404,1.0
N7ioObCpMP3,202405,0.0
N7ioObCpMP3,202406,1.0
N7ioObCpMP3,202407,0.0
N7ioObCpMP3,202408,9.0
N7ioObCpMP3,202409,12.0
N7ioObCpMP3,202410,18.0
N7ioObCpMP3,202411,3.0
N7ioObCpMP3,202412,0.0
NSLL7YIXBJH,202201,0.0
NSLL7YIXBJH,202202,0.0
NSLL7YIXBJH,202203,0.0
NSLL7YIXBJH,202204,0.0
NSLL7YIXBJH,202205,0.0
NSLL7YIXBJH,202206,0.0
NSLL7YIXBJH,202207,3.0
NSLL7YIXBJH,202208,4.0
NSLL7YIXBJH,202209,34.0
NSLL7YIXBJH,202210,22.0
NSLL7YIXBJH,202211,10.0
NSLL7YIXBJH,202212,0.0
NSLL7YIXBJH,202301,0.0
NSLL7YIXBJH,202302,1.0
NSLL7YIXBJH,202303,3.0
NSLL7YIXBJH,202304,0.0
NSLL7YIXBJH,202305,1.0
NSLL7YIXBJH,202306,0.0
NSLL7YIXBJH,202307,0.0
NSLL7YIXBJH,202308,16.0
NSLL7YIXBJH,202309,18.0
NSLL7YIXBJH,202310,15.0
NSLL7YIXBJH,202311,0.0
NSLL7YIXBJH,202312,0.0
NSLL7YIXBJH,202401,0.0
NSLL7YIXBJH,202402,0.0
NSLL7YIXBJH,202403,0.0
NSLL7YIXBJH,202404,0.0
NSLL7YIXBJH,202405,0.0
NSLL7YIXBJH,202406,3.0
NSLL7YIXBJH,202407,3.0
NSLL7YIXBJH,202408,16.0
NSLL7YIXBJH,202409,42.0
NSLL7YIXBJH,202410,42.0
NSLL7YIXBJH,202411,11.0
NSLL7YIXBJH,202412,0.0
O5p5idrXdiw,202201,1.0
O5p5idrXdiw,202202,0.0
O5p5idrXdiw,202203,0.0
O5p5idrXdiw,202204,1.0
O5p5idrXdiw,202205,0.0
O5p5idrXdiw,202206,3.0
O5p5idrXdiw,202207,2.0
O5p5idrXdiw,202208,3.0
O5p5idrXdiw,202209,65.0
O5p5idrXdiw,202210,54.0
O5p5idrXdiw,202211,37.0
O5p5idrXdiw,202212,11.0
O5p5idrXdiw,202301,2.0
O5p5idrXdiw,202302,2.0
O5p5idrXdiw,202303,3.0
O5p5idrXdiw,202304,3.0
O5p5idrXdiw,202305,1.0
O5p5idrXdiw,202306,7.0
O5p5idrXdiw,202307,739.0
O5p5idrXdiw,202308,1487.0
O5p5idrXdiw,202309,22.0
O5p5idrXdiw,202310,36.0
O5p5idrXdiw,202311,20.0
O5p5idrXdiw,202312,6.0
O5p5idrXdiw,202401,8.0
O5p5idrXdiw,202402,1.0
O5p5idrXdiw,202403,2.0
O5p5idrXdiw,202404,1.0
O5p5idrXdiw,202405,1.0
O5p5idrXdiw,202406,2.0
O5p5idrXdiw,202407,5.0
O5p5idrXdiw,202408,54.0
O5p5idrXdiw,202409,82.0
O5p5idrXdiw,202410,91.0
O5p5idrXdiw,202411,75.0
O5p5idrXdiw,202412,2.0
P53hVYydxdc,202201,0.0
P53hVYydxdc,202202,0.0
P53hVYydxdc,202203,0.0
P53hVYydxdc,202204,0.0
P53hVYydxdc,202205,0.0
P53hVYydxdc,202206,1.0
P53hVYydxdc,202207,0.0
P53hVYydxdc,202208,0.0
P53hVYydxdc,202209,11.0
P53hVYydxdc,202210,1.0
P53hVYydxdc,202211,0.0
P53hVYydxdc,202212,0.0
P53hVYydxdc,202301,0.0
P53hVYydxdc,202302,0.0
P53hVYydxdc,202303,1.0
P53hVYydxdc,202304,0.0
P53hVYydxdc,202305,0.0
P53hVYydxdc,202306,0.0
P53hVYydxdc,202307,0.0
P53hVYydxdc,202308,0.0
P53hVYydxdc,202309,23.0
P53hVYydxdc,202310,31.0
P53hVYydxdc,202311,11.0
P53hVYydxdc,202312,4.0
P53hVYydxdc,202401,0.0
P53hVYydxdc,202402,0.0
P53hVYydxdc,202403,1.0
P53hVYydxdc,202404,0.0
P53hVYydxdc,202405,0.0
P53hVYydxdc,202406,0.0
P53hVYydxdc,202407,0.0
P53hVYydxdc,202408,3.0
P53hVYydxdc,202409,14.0
P53hVYydxdc,202410,9.0
P53hVYydxdc,202411,1.0
P53hVYydxdc,202412,0.0
PUPCyKcUwlS,202201,0.0
PUPCyKcUwlS,202202,0.0
PUPCyKcUwlS,202203,0.0
PUPCyKcUwlS,202204,0.0
PUPCyKcUwlS,202205,0.0
PUPCyKcUwlS,202206,0.0
PUPCyKcUwlS,202207,0.0
PUPCyKcUwlS,202208,3.0
PUPCyKcUwlS,202209,24.0
PUPCyKcUwlS,202210,9.0
PUPCyKcUwlS,202211,6.0
PUPCyKcUwlS,202212,0.0
PUPCyKcUwlS,202301,0.0
PUPCyKcUwlS,202302,0.0
PUPCyKcUwlS,202303,0.0
PUPCyKcUwlS,202304,1.0
PUPCyKcUwlS,202305,0.0
PUPCyKcUwlS,202306,5.0
PUPCyKcUwlS,202307,20.0
PUPCyKcUwlS,202308,90.0
PUPCyKcUwlS,202309,39.0
PUPCyKcUwlS,202310,5.0
PUPCyKcUwlS,202311,1.0
PUPCyKcUwlS,202312,1.0
PUPCyKcUwlS,202401,1.0
PUPCyKcUwlS,202402,0.0
PUPCyKcUwlS,202403,0.0
PUPCyKcUwlS,202404,1.0
PUPCyKcUwlS,202405,1.0
PUPCyKcUwlS,202406,0.0
PUPCyKcUwlS,202407,0.0
PUPCyKcUwlS,202408,10.0
PUPCyKcUwlS,202409,29.0
PUPCyKcUwlS,202410,13.0
PUPCyKcUwlS,202411,8.0
PUPCyKcUwlS,202412,0.0
PdRpVxkVd9a,202201,0.0
PdRpVxkVd9a,202202,1.0
PdRpVxkVd9a,202203,0.0
PdRpVxkVd9a,202204,0.0
PdRpVxkVd9a,202205,0.0
PdRpVxkVd9a,202206,0.0
PdRpVxkVd9a,202207,2.0
PdRpVxkVd9a,202208,6.0
PdRpVxkVd9a,202209,49.0
PdRpVxkVd9a,202210,95.0
PdRpVxkVd9a,202211,2.0
PdRpVxkVd9a,202212,1.0
PdRpVxkVd9a,202301,1.0
PdRpVxkVd9a,202302,1.0
PdRpVxkVd9a,202303,0.0
PdRpVxkVd9a,202304,2.0
PdRpVxkVd9a,202305,1.0
PdRpVxkVd9a,202306,8.0
PdRpVxkVd9a,202307,10.0
PdRpVxkVd9a,202308,14.0
PdRpVxkVd9a,202309,21.0
PdRpVxkVd9a,202310,31.0
PdRpVxkVd9a,202311,2.0
PdRpVxkVd9a,202312,0.0
PdRpVxkVd9a,202401,0.0
PdRpVxkVd9a,202402,0.0
PdRpVxkVd9a,202403,1.0
PdRpVxkVd9a,202404,4.0
PdRpVxkVd9a,202405,1.0
PdRpVxkVd9a,202406,1.0
PdRpVxkVd9a,202407,5.0
PdRpVxkVd9a,202408,9.0
PdRpVxkVd9a,202409,27.0
PdRpVxkVd9a,202410,26.0
PdRpVxkVd9a,202411,29.0
PdRpVxkVd9a,202412,0.0
QfZ2pVPRFmz,202201,0.0
QfZ2pVPRFmz,202202,0.0
QfZ2pVPRFmz,202203,0.0
QfZ2pVPRFmz,202204,0.0
QfZ2pVPRFmz,202205,0.0
QfZ2pVPRFmz,202206,32.0
QfZ2pVPRFmz,202207,24.0
QfZ2pVPRFmz,202208,54.0
QfZ2pVPRFmz,202209,483.0
QfZ2pVPRFmz,202210,674.0
QfZ2pVPRFmz,202211,378.0
QfZ2pVPRFmz,202212,38.0
QfZ2pVPRFmz,202301,2.0
QfZ2pVPRFmz,202302,1.0
QfZ2pVPRFmz,202303,5.0
QfZ2pVPRFmz,202304,41.0
QfZ2pVPRFmz,202305,18.0
QfZ2pVPRFmz,202306,78.0
QfZ2pVPRFmz,202307,510.0
QfZ2pVPRFmz,202308,1488.0
QfZ2pVPRFmz,202309,965.0
QfZ2pVPRFmz,202310,123.0
QfZ2pVPRFmz,202311,6.0
QfZ2pVPRFmz,202312,2.0
QfZ2pVPRFmz,202401,2.0
QfZ2pVPRFmz,202402,0.0
QfZ2pVPRFmz,202403,0.0
QfZ2pVPRFmz,202404,0.0
QfZ2pVPRFmz,202405,2.0
QfZ2pVPRFmz,202406,0.0
QfZ2pVPRFmz,202407,5.0
QfZ2pVPRFmz,202408,22.0
QfZ2pVPRFmz,202409,99.0
QfZ2pVPRFmz,202410,107.0
QfZ2pVPRFmz,202411,61.0
QfZ2pVPRFmz,202412,2.0
QzI3Btz60Ne,202201,0.0
QzI3Btz60Ne,202202,0.0
QzI3Btz60Ne,202203,0.0
QzI3Btz60Ne,202204,0.0
QzI3Btz60Ne,202205,0.0
QzI3Btz60Ne,202206,0.0
QzI3Btz60Ne,202207,2.0
QzI3Btz60Ne,202208,12.0
QzI3Btz60Ne,202209,113.0
QzI3Btz60Ne,202210,107.0
QzI3Btz60Ne,202211,40.0
QzI3Btz60Ne,202212,0.0
QzI3Btz60Ne,202301,0.0
QzI3Btz60Ne,202302,0.0
QzI3Btz60Ne,202303,0.0
QzI3Btz60Ne,202304,2.0
QzI3Btz60Ne,202305,2.0
QzI3Btz60Ne,202306,15.0
QzI3Btz60Ne,202307,27.0
QzI3Btz60Ne,202308,35.0
QzI3Btz60Ne,202309,46.0
QzI3Btz60Ne,202310,55.0
QzI3Btz60Ne,202311,1.0
QzI3Btz60Ne,202312,0.0
QzI3Btz60Ne,202401,4.0
QzI3Btz60Ne,202402,0.0
QzI3Btz60Ne,202403,2.0
QzI3Btz60Ne,202404,2.0
QzI3Btz60Ne,202405,2.0
QzI3Btz60Ne,202406,4.0
QzI3Btz60Ne,202407,3.0
QzI3Btz60Ne,202408,26.0
QzI3Btz60Ne,202409,101.0
QzI3Btz60Ne,202410,195.0
QzI3Btz60Ne,202411,76.0
QzI3Btz60Ne,202412,1.0
RSAZqrdfXy5,202201,2.0
RSAZqrdfXy5,202202,0.0
RSAZqrdfXy5,202203,1.0
RSAZqrdfXy5,202204,1.0
RSAZqrdfXy5,202205,0.0
RSAZqrdfXy5,202206,0.0
RSAZqrdfXy5,202207,3.0
RSAZqrdfXy5,202208,13.0
RSAZqrdfXy5,202209,395.0
RSAZqrdfXy5,202210,11.0
RSAZqrdfXy5,202211,4.0
RSAZqrdfXy5,202212,2.0
RSAZqrdfXy5,202301,4.0
RSAZqrdfXy5,202302,4.0
RSAZqrdfXy5,202303,2.0
RSAZqrdfXy5,202304,2.0
RSAZqrdfXy5,202305,0.0
RSAZqrdfXy5,202306,8.0
RSAZqrdfXy5,202307,29.0
RSAZqrdfXy5,202308,213.0
RSAZqrdfXy5,202309,309.0
RSAZqrdfXy5,202310,330.0
RSAZqrdfXy5,202311,80.0
RSAZqrdfXy5,202312,13.0
RSAZqrdfXy5,202401,1.0
RSAZqrdfXy5,202402,9.0
RSAZqrdfXy5,202403,7.0
RSAZqrdfXy5,202404,12.0
RSAZqrdfXy5,202405,7.0
RSAZqrdfXy5,202406,14.0
RSAZqrdfXy5,202407,23.0
RSAZqrdfXy5,202408,75.0
RSAZqrdfXy5,202409,145.0
RSAZqrdfXy5,202410,161.0
RSAZqrdfXy5,202411,65.0
RSAZqrdfXy5,202412,1.0
RZxElQxEbZN,202201,0.0
RZxElQxEbZN,202202,0.0
RZxElQxEbZN,202203,0.0
RZxElQxEbZN,202204,0.0
RZxElQxEbZN,202205,0.0
RZxElQxEbZN,202206,0.0
RZxElQxEbZN,202207,0.0
RZxElQxEbZN,202208,1.0
RZxElQxEbZN,202209,1.0
RZxElQxEbZN,202210,2.0
RZxElQxEbZN,202211,1.0
RZxElQxEbZN,202212,0.0
RZxElQxEbZN,202301,0.0
RZxElQxEbZN,202302,0.0
RZxElQxEbZN,202303,0.0
RZxElQxEbZN,202304,3.0
RZxElQxEbZN,202305,0.0
RZxElQxEbZN,202306,3.0
RZxElQxEbZN,202307,2.0
RZxElQxEbZN,202308,1.0
RZxElQxEbZN,202309,7.0
RZxElQxEbZN,202310,1.0
RZxElQxEbZN,202311,0.0
RZxElQxEbZN,202312,0.0
RZxElQxEbZN,202401,0.0
RZxElQxEbZN,202402,0.0
RZxElQxEbZN,202403,0.0
RZxElQxEbZN,202404,0.0
RZxElQxEbZN,202405,0.0
RZxElQxEbZN,202406,0.0
RZxElQxEbZN,202407,0.0
RZxElQxEbZN,202408,3.0
RZxElQxEbZN,202409,0.0
RZxElQxEbZN,202410,0.0
RZxElQxEbZN,202411,3.0
RZxElQxEbZN,202412,0.0
S8J6p6tGXNb,202201,0.0
S8J6p6tGXNb,202202,0.0
S8J6p6tGXNb,202203,0.0
S8J6p6tGXNb,202204,0.0
S8J6p6tGXNb,202205,0.0
S8J6p6tGXNb,202206,0.0
S8J6p6tGXNb,202207,0.0
S8J6p6tGXNb,202208,88.0
S8J6p6tGXNb,202209,50.0
S8J6p6tGXNb,202210,33.0
S8J6p6tGXNb,202211,0.0
S8J6p6tGXNb,202212,1.0
S8J6p6tGXNb,202301,0.0
S8J6p6tGXNb,202302,2.0
S8J6p6tGXNb,202303,0.0
S8J6p6tGXNb,202304,0.0
S8J6p6tGXNb,202305,0.0
S8J6p6tGXNb,202306,13.0
S8J6p6tGXNb,202307,42.0
S8J6p6tGXNb,202308,86.0
S8J6p6tGXNb,202309,80.0
S8J6p6tGXNb,202310,31.0
S8J6p6tGXNb,202311,3.0
S8J6p6tGXNb,202312,0.0
S8J6p6tGXNb,202401,0.0
S8J6p6tGXNb,202402,0.0
S8J6p6tGXNb,202403,0.0
S8J6p6tGXNb,202404,0.0
S8J6p6tGXNb,202405,2.0
S8J6p6tGXNb,202406,10.0
S8J6p6tGXNb,202407,12.0
S8J6p6tGXNb,202408,6.0
S8J6p6tGXNb,202409,9.0
S8J6p6tGXNb,202410,7.0
S8J6p6tGXNb,202411,1.0
S8J6p6tGXNb,202412,0.0
SJQ2e9HUvaG,202201,0.0
SJQ2e9HUvaG,202202,0.0
SJQ2e9HUvaG,202203,0.0
SJQ2e9HUvaG,202204,0.0
SJQ2e9HUvaG,202205,0.0
SJQ2e9HUvaG,202206,1.0
SJQ2e9HUvaG,202207,0.0
SJQ2e9HUvaG,202208,0.0
SJQ2e9HUvaG,202209,20.0
SJQ2e9HUvaG,202210,10.0
SJQ2e9HUvaG,202211,0.0
SJQ2e9HUvaG,202212,0.0
SJQ2e9HUvaG,202301,0.0
SJQ2e9HUvaG,202302,0.0
SJQ2e9HUvaG,202303,0.0
SJQ2e9HUvaG,202304,0.0
SJQ2e9HUvaG,202305,0.0
SJQ2e9HUvaG,202306,0.0
SJQ2e9HUvaG,202307,2.0
SJQ2e9HUvaG,202308,1.0
SJQ2e9HUvaG,202309,9.0
SJQ2e9HUvaG,202310,6.0
SJQ2e9HUvaG,202311,0.0
SJQ2e9HUvaG,202312,0.0
SJQ2e9HUvaG,202401,0.0
SJQ2e9HUvaG,202402,0.0
SJQ2e9HUvaG,202403,0.0
SJQ2e9HUvaG,202404,1.0
SJQ2e9HUvaG,202405,0.0
SJQ2e9HUvaG,202406,0.0
SJQ2e9HUvaG,202407,0.0
SJQ2e9HUvaG,202408,10.0
SJQ2e9HUvaG,202409,8.0
SJQ2e9HUvaG,202410,7.0
SJQ2e9HUvaG,202411,1.0
SJQ2e9HUvaG,202412,0.0
U8Rk7sYzFmK,202201,0.0
U8Rk7sYzFmK,202202,0.0
U8Rk7sYzFmK,202203,0.0
U8Rk7sYzFmK,202204,0.0
U8Rk7sYzFmK,202205,0.0
U8Rk7sYzFmK,202206,0.0
U8Rk7sYzFmK,202207,0.0
U8Rk7sYzFmK,202208,7.0
U8Rk7sYzFmK,202209,89.0
U8Rk7sYzFmK,202210,104.0
U8Rk7sYzFmK,202211,19.0
U8Rk7sYzFmK,202212,0.0
U8Rk7sYzFmK,202301,1.0
U8Rk7sYzFmK,202302,0.0
U8Rk7sYzFmK,202303,0.0
U8Rk7sYzFmK,202304,0.0
U8Rk7sYzFmK,202305,0.0
U8Rk7sYzFmK,202306,1.0
U8Rk7sYzFmK,202307,5.0
U8Rk7sYzFmK,202308,18.0
U8Rk7sYzFmK,202309,39.0
U8Rk7sYzFmK,202310,39.0
U8Rk7sYzFmK,202311,4.0
U8Rk7sYzFmK,202312,0.0
U8Rk7sYzFmK,202401,1.0
U8Rk7sYzFmK,202402,10.0
U8Rk7sYzFmK,202403,25.0
U8Rk7sYzFmK,202404,2.0
U8Rk7sYzFmK,202405,5.0
U8Rk7sYzFmK,202406,2.0
U8Rk7sYzFmK,202407,13.0
U8Rk7sYzFmK,202408,16.0
U8Rk7sYzFmK,202409,64.0
U8Rk7sYzFmK,202410,93.0
U8Rk7sYzFmK,202411,23.0
U8Rk7sYzFmK,202412,1.0
VoOb1wMwKp0,202201,0.0
VoOb1wMwKp0,202202,0.0
VoOb1wMwKp0,202203,0.0
VoOb1wMwKp0,202204,0.0
VoOb1wMwKp0,202205,1.0
VoOb1wMwKp0,202206,0.0
VoOb1wMwKp0,202207,1.0
VoOb1wMwKp0,202208,2.0
VoOb1wMwKp0,202209,29.0
VoOb1wMwKp0,202210,55.0
VoOb1wMwKp0,202211,21.0
VoOb1wMwKp0,202212,1.0
VoOb1wMwKp0,202301,0.0
VoOb1wMwKp0,202302,0.0
VoOb1wMwKp0,202303,0.0
VoOb1wMwKp0,202304,0.0
VoOb1wMwKp0,202305,0.0
VoOb1wMwKp0,202306,0.0
VoOb1wMwKp0,202307,10.0
VoOb1wMwKp0,202308,69.0
VoOb1wMwKp0,202309,96.0
VoOb1wMwKp0,202310,57.0
VoOb1wMwKp0,202311,3.0
VoOb1wMwKp0,202312,1.0
VoOb1wMwKp0,202401,8.0
VoOb1wMwKp0,202402,3.0
VoOb1wMwKp0,202403,3.0
VoOb1wMwKp0,202404,4.0
VoOb1wMwKp0,202405,2.0
VoOb1wMwKp0,202406,11.0
VoOb1wMwKp0,202407,6.0
VoOb1wMwKp0,202408,3.0
VoOb1wMwKp0,202409,12.0
VoOb1wMwKp0,202410,9.0
VoOb1wMwKp0,202411,5.0
VoOb1wMwKp0,202412,0.0
Wep3D4POB3H,202201,0.0
Wep3D4POB3H,202202,0.0
Wep3D4POB3H,202203,0.0
Wep3D4POB3H,202204,0.0
Wep3D4POB3H,202205,0.0
Wep3D4POB3H,202206,0.0
Wep3D4POB3H,202207,0.0
Wep3D4POB3H,202208,2.0
Wep3D4POB3H,202209,14.0
Wep3D4POB3H,202210,5.0
Wep3D4POB3H,202211,3.0
Wep3D4POB3H,202212,2.0
Wep3D4POB3H,202301,0.0
Wep3D4POB3H,202302,0.0
Wep3D4POB3H,202303,0.0
Wep3D4POB3H,202304,0.0
Wep3D4POB3H,202305,0.0
Wep3D4POB3H,202306,0.0
Wep3D4POB3H,202307,1.0
Wep3D4POB3H,202308,2.0
Wep3D4POB3H,202309,1.0
Wep3D4POB3H,202310,5.0
Wep3D4POB3H,202311,0.0
Wep3D4POB3H,202312,0.0
Wep3D4POB3H,202401,2.0
Wep3D4POB3H,202402,0.0
Wep3D4POB3H,202403,0.0
Wep3D4POB3H,202404,0.0
Wep3D4POB3H,202405,1.0
Wep3D4POB3H,202406,0.0
Wep3D4POB3H,202407,1.0
Wep3D4POB3H,202408,1.0
Wep3D4POB3H,202409,5.0
Wep3D4POB3H,202410,9.0
Wep3D4POB3H,202411,4.0
Wep3D4POB3H,202412,0.0
WfE2smSUNDt,202201,0.0
WfE2smSUNDt,202202,0.0
WfE2smSUNDt,202203,0.0
WfE2smSUNDt,202204,0.0
WfE2smSUNDt,202205,2.0
WfE2smSUNDt,202206,3.0
WfE2smSUNDt,202207,17.0
WfE2smSUNDt,202208,33.0
WfE2smSUNDt,202209,244.0
WfE2smSUNDt,202210,6.0
WfE2smSUNDt,202211,0.0
WfE2smSUNDt,202212,0.0
WfE2smSUNDt,202301,1.0
WfE2smSUNDt,202302,1.0
WfE2smSUNDt,202303,3.0
WfE2smSUNDt,202304,0.0
WfE2smSUNDt,202305,0.0
WfE2smSUNDt,202306,0.0
WfE2smSUNDt,202307,3.0
WfE2smSUNDt,202308,21.0
WfE2smSUNDt,202309,38.0
WfE2smSUNDt,202310,67.0
WfE2smSUNDt,202311,6.0
WfE2smSUNDt,202312,1.0
WfE2smSUNDt,202401,3.0
WfE2smSUNDt,202402,3.0
WfE2smSUNDt,202403,2.0
WfE2smSUNDt,202404,2.0
WfE2smSUNDt,202405,3.0
WfE2smSUNDt,202406,3.0
WfE2smSUNDt,202407,4.0
WfE2smSUNDt,202408,30.0
WfE2smSUNDt,202409,42.0
WfE2smSUNDt,202410,24.0
WfE2smSUNDt,202411,12.0
WfE2smSUNDt,202412,0.0
Yacp1fLlWut,202201,0.0
Yacp1fLlWut,202202,0.0
Yacp1fLlWut,202203,0.0
Yacp1fLlWut,202204,0.0
Yacp1fLlWut,202205,0.0
Yacp1fLlWut,202206,0.0
Yacp1fLlWut,202207,0.0
Yacp1fLlWut,202208,1.0
Yacp1fLlWut,202209,5.0
Yacp1fLlWut,202210,2.0
Yacp1fLlWut,202211,4.0
Yacp1fLlWut,202212,0.0
Yacp1fLlWut,202301,0.0
Yacp1fLlWut,202302,0.0
Yacp1fLlWut,202303,0.0
Yacp1fLlWut,202304,0.0
Yacp1fLlWut,202305,1.0
Yacp1fLlWut,202306,0.0
Yacp1fLlWut,202307,0.0
Yacp1fLlWut,202308,0.0
Yacp1fLlWut,202309,1.0
Yacp1fLlWut,202310,9.0
Yacp1fLlWut,202311,0.0
Yacp1fLlWut,202312,0.0
Yacp1fLlWut,202401,0.0
Yacp1fLlWut,202402,0.0
Yacp1fLlWut,202403,0.0
Yacp1fLlWut,202404,0.0
Yacp1fLlWut,202405,0.0
Yacp1fLlWut,202406,1.0
Yacp1fLlWut,202407,0.0
Yacp1fLlWut,202408,1.0
Yacp1fLlWut,202409,0.0
Yacp1fLlWut,202410,4.0
Yacp1fLlWut,202411,1.0
Yacp1fLlWut,202412,0.0
YmFSl06J6cs,202201,0.0
YmFSl06J6cs,202202,0.0
YmFSl06J6cs,202203,1.0
YmFSl06J6cs,202204,0.0
YmFSl06J6cs,202205,0.0
YmFSl06J6cs,202206,0.0
YmFSl06J6cs,202207,0.0
YmFSl06J6cs,202208,2.0
YmFSl06J6cs,202209,15.0
YmFSl06J6cs,202210,13.0
YmFSl06J6cs,202211,4.0
YmFSl06J6cs,202212,2.0
YmFSl06J6cs,202301,0.0
YmFSl06J6cs,202302,0.0
YmFSl06J6cs,202303,0.0
YmFSl06J6cs,202304,0.0
YmFSl06J6cs,202305,0.0
YmFSl06J6cs,202306,0.0
YmFSl06J6cs,202307,0.0
YmFSl06J6cs,202308,331.0
YmFSl06J6cs,202309,0.0
YmFSl06J6cs,202310,23.0
YmFSl06J6cs,202311,6.0
YmFSl06J6cs,202312,0.0
YmFSl06J6cs,202401,1.0
YmFSl06J6cs,202402,0.0
YmFSl06J6cs,202403,0.0
YmFSl06J6cs,202404,0.0
YmFSl06J6cs,202405,0.0
YmFSl06J6cs,202406,0.0
YmFSl06J6cs,202407,1.0
YmFSl06J6cs,202408,4.0
YmFSl06J6cs,202409,33.0
YmFSl06J6cs,202410,22.0
YmFSl06J6cs,202411,13.0
YmFSl06J6cs,202412,0.0
YnUoe8z0OJY,202201,0.0
YnUoe8z0OJY,202202,0.0
YnUoe8z0OJY,202203,0.0
YnUoe8z0OJY,202204,0.0
YnUoe8z0OJY,202205,0.0
YnUoe8z0OJY,202206,1.0
YnUoe8z0OJY,202207,2.0
YnUoe8z0OJY,202208,9.0
YnUoe8z0OJY,202209,81.0
YnUoe8z0OJY,202210,170.0
YnUoe8z0OJY,202211,26.0
YnUoe8z0OJY,202212,2.0
YnUoe8z0OJY,202301,1.0
YnUoe8z0OJY,202302,0.0
YnUoe8z0OJY,202303,0.0
YnUoe8z0OJY,202304,0.0
YnUoe8z0OJY,202305,2.0
YnUoe8z0OJY,202306,1.0
YnUoe8z0OJY,202307,1.0
YnUoe8z0OJY,202308,25.0
YnUoe8z0OJY,202309,69.0
YnUoe8z0OJY,202310,586.0
YnUoe8z0OJY,202311,63.0
YnUoe8z0OJY,202312,13.0
YnUoe8z0OJY,202401,12.0
YnUoe8z0OJY,202402,0.0
YnUoe8z0OJY,202403,1.0
YnUoe8z0OJY,202404,3.0
YnUoe8z0OJY,202405,2.0
YnUoe8z0OJY,202406,6.0
YnUoe8z0OJY,202407,32.0
YnUoe8z0OJY,202408,195.0
YnUoe8z0OJY,202409,308.0
YnUoe8z0OJY,202410,302.0
YnUoe8z0OJY,202411,122.0
YnUoe8z0OJY,202412,2.0
ZIo35uAAfZo,202201,0.0
ZIo35uAAfZo,202202,0.0
ZIo35uAAfZo,202203,0.0
ZIo35uAAfZo,202204,1.0
ZIo35uAAfZo,202205,0.0
ZIo35uAAfZo,202206,2.0
ZIo35uAAfZo,202207,8.0
ZIo35uAAfZo,202208,6.0
ZIo35uAAfZo,202209,44.0
ZIo35uAAfZo,202210,7.0
ZIo35uAAfZo,202211,20.0
ZIo35uAAfZo,202212,9.0
ZIo35uAAfZo,202301,0.0
ZIo35uAAfZo,202302,0.0
ZIo35uAAfZo,202303,1.0
ZIo35uAAfZo,202304,7.0
ZIo35uAAfZo,202305,15.0
ZIo35uAAfZo,202306,2.0
ZIo35uAAfZo,202307,3.0
ZIo35uAAfZo,202308,9.0
ZIo35uAAfZo,202309,31.0
ZIo35uAAfZo,202310,146.0
ZIo35uAAfZo,202311,53.0
ZIo35uAAfZo,202312,15.0
ZIo35uAAfZo,202401,10.0
ZIo35uAAfZo,202402,0.0
ZIo35uAAfZo,202403,0.0
ZIo35uAAfZo,202404,7.0
ZIo35uAAfZo,202405,7.0
ZIo35uAAfZo,202406,4.0
ZIo35uAAfZo,202407,20.0
ZIo35uAAfZo,202408,31.0
ZIo35uAAfZo,202409,53.0
ZIo35uAAfZo,202410,77.0
ZIo35uAAfZo,202411,62.0
ZIo35uAAfZo,202412,1.0
ZULmwVN4Zfv,202201,0.0
ZULmwVN4Zfv,202202,0.0
ZULmwVN4Zfv,202203,0.0
ZULmwVN4Zfv,202204,0.0
ZULmwVN4Zfv,202205,0.0
ZULmwVN4Zfv,202206,0.0
ZULmwVN4Zfv,202207,0.0
ZULmwVN4Zfv,202208,1.0
ZULmwVN4Zfv,202209,23.0
ZULmwVN4Zfv,202210,43.0
ZULmwVN4Zfv,202211,10.0
ZULmwVN4Zfv,202212,2.0
ZULmwVN4Zfv,202301,0.0
ZULmwVN4Zfv,202302,1.0
ZULmwVN4Zfv,202303,0.0
ZULmwVN4Zfv,202304,0.0
ZULmwVN4Zfv,202305,0.0
ZULmwVN4Zfv,202306,0.0
ZULmwVN4Zfv,202307,4.0
ZULmwVN4Zfv,202308,74.0
ZULmwVN4Zfv,202309,323.0
ZULmwVN4Zfv,202310,162.0
ZULmwVN4Zfv,202311,0.0
ZULmwVN4Zfv,202312,0.0
ZULmwVN4Zfv,202401,0.0
ZULmwVN4Zfv,202402,1.0
ZULmwVN4Zfv,202403,1.0
ZULmwVN4Zfv,202404,0.0
ZULmwVN4Zfv,202405,2.0
ZULmwVN4Zfv,202406,0.0
ZULmwVN4Zfv,202407,4.0
ZULmwVN4Zfv,202408,14.0
ZULmwVN4Zfv,202409,48.0
ZULmwVN4Zfv,202410,20.0
ZULmwVN4Zfv,202411,2.0
ZULmwVN4Zfv,202412,0.0
ZVmULoI6vcV,202201,0.0
ZVmULoI6vcV,202202,0.0
ZVmULoI6vcV,202203,0.0
ZVmULoI6vcV,202204,0.0
ZVmULoI6vcV,202205,0.0
ZVmULoI6vcV,202206,0.0
ZVmULoI6vcV,202207,5.0
ZVmULoI6vcV,202208,29.0
ZVmULoI6vcV,202209,177.0
ZVmULoI6vcV,202210,301.0
ZVmULoI6vcV,202211,24.0
ZVmULoI6vcV,202212,21.0
ZVmULoI6vcV,202301,7.0
ZVmULoI6vcV,202302,2.0
ZVmULoI6vcV,202303,0.0
ZVmULoI6vcV,202304,0.0
ZVmULoI6vcV,202305,0.0
ZVmULoI6vcV,202306,1.0
ZVmULoI6vcV,202307,8.0
ZVmULoI6vcV,202308,31.0
ZVmULoI6vcV,202309,52.0
ZVmULoI6vcV,202310,27.0
ZVmULoI6vcV,202311,33.0
ZVmULoI6vcV,202312,0.0
ZVmULoI6vcV,202401,2.0
ZVmULoI6vcV,202402,2.0
ZVmULoI6vcV,202403,0.0
ZVmULoI6vcV,202404,0.0
ZVmULoI6vcV,202405,8.0
ZVmULoI6vcV,202406,15.0
ZVmULoI6vcV,202407,36.0
ZVmULoI6vcV,202408,40.0
ZVmULoI6vcV,202409,83.0
ZVmULoI6vcV,202410,195.0
ZVmULoI6vcV,202411,102.0
ZVmULoI6vcV,202412,0.0
bWmwn3sMsG0,202201,0.0
bWmwn3sMsG0,202202,1.0
bWmwn3sMsG0,202203,1.0
bWmwn3sMsG0,202204,2.0
bWmwn3sMsG0,202205,0.0
bWmwn3sMsG0,202206,3.0
bWmwn3sMsG0,202207,12.0
bWmwn3sMsG0,202208,26.0
bWmwn3sMsG0,202209,82.0
bWmwn3sMsG0,202210,51.0
bWmwn3sMsG0,202211,14.0
bWmwn3sMsG0,202212,5.0
bWmwn3sMsG0,202301,1.0
bWmwn3sMsG0,202302,4.0
bWmwn3sMsG0,202303,1.0
bWmwn3sMsG0,202304,4.0
bWmwn3sMsG0,202305,5.0
bWmwn3sMsG0,202306,10.0
bWmwn3sMsG0,202307,16.0
bWmwn3sMsG0,202308,62.0
bWmwn3sMsG0,202309,152.0
bWmwn3sMsG0,202310,147.0
bWmwn3sMsG0,202311,23.0
bWmwn3sMsG0,202312,11.0
bWmwn3sMsG0,202401,4.0
bWmwn3sMsG0,202402,6.0
bWmwn3sMsG0,202403,10.0
bWmwn3sMsG0,202404,2.0
bWmwn3sMsG0,202405,0.0
bWmwn3sMsG0,202406,11.0
bWmwn3sMsG0,202407,24.0
bWmwn3sMsG0,202408,46.0
bWmwn3sMsG0,202409,103.0
bWmwn3sMsG0,202410,60.0
bWmwn3sMsG0,202411,19.0
bWmwn3sMsG0,202412,0.0
bX87SmYR3TJ,202201,0.0
bX87SmYR3TJ,202202,0.0
bX87SmYR3TJ,202203,0.0
bX87SmYR3TJ,202204,0.0
bX87SmYR3TJ,202205,0.0
bX87SmYR3TJ,202206,1.0
bX87SmYR3TJ,202207,0.0
bX87SmYR3TJ,202208,5.0
bX87SmYR3TJ,202209,17.0
bX87SmYR3TJ,202210,6.0
bX87SmYR3TJ,202211,2.0
bX87SmYR3TJ,202212,3.0
bX87SmYR3TJ,202301,1.0
bX87SmYR3TJ,202302,1.0
bX87SmYR3TJ,202303,2.0
bX87SmYR3TJ,202304,0.0
bX87SmYR3TJ,202305,0.0
bX87SmYR3TJ,202306,1.0
bX87SmYR3TJ,202307,5.0
bX87SmYR3TJ,202308,35.0
bX87SmYR3TJ,202309,22.0
bX87SmYR3TJ,202310,19.0
bX87SmYR3TJ,202311,0.0
bX87SmYR3TJ,202312,0.0
bX87SmYR3TJ,202401,0.0
bX87SmYR3TJ,202402,0.0
bX87SmYR3TJ,202403,0.0
bX87SmYR3TJ,202404,0.0
bX87SmYR3TJ,202405,0.0
bX87SmYR3TJ,202406,2.0
bX87SmYR3TJ,202407,1.0
bX87SmYR3TJ,202408,4.0
bX87SmYR3TJ,202409,27.0
bX87SmYR3TJ,202410,13.0
bX87SmYR3TJ,202411,11.0
bX87SmYR3TJ,202412,0.0
bjS2Lp3tLxv,202201,0.0
bjS2Lp3tLxv,202202,0.0
bjS2Lp3tLxv,202203,0.0
bjS2Lp3tLxv,202204,0.0
bjS2Lp3tLxv,202205,1.0
bjS2Lp3tLxv,202206,1.0
bjS2Lp3tLxv,202207,5.0
bjS2Lp3tLxv,202208,19.0
bjS2Lp3tLxv,202209,1702.0
bjS2Lp3tLxv,202210,575.0
bjS2Lp3tLxv,202211,120.0
bjS2Lp3tLxv,202212,5.0
bjS2Lp3tLxv,202301,4.0
bjS2Lp3tLxv,202302,0.0
bjS2Lp3tLxv,202303,0.0
bjS2Lp3tLxv,202304,3.0
bjS2Lp3tLxv,202305,4.0
bjS2Lp3tLxv,202306,7.0
bjS2Lp3tLxv,202307,12.0
bjS2Lp3tLxv,202308,40.0
bjS2Lp3tLxv,202309,42.0
bjS2Lp3tLxv,202310,23.0
bjS2Lp3tLxv,202311,4.0
bjS2Lp3tLxv,202312,1.0
bjS2Lp3tLxv,202401,3.0
bjS2Lp3tLxv,202402,4.0
bjS2Lp3tLxv,202403,1.0
bjS2Lp3tLxv,202404,2.0
bjS2Lp3tLxv,202405,4.0
bjS2Lp3tLxv,202406,8.0
bjS2Lp3tLxv,202407,11.0
bjS2Lp3tLxv,202408,82.0
bjS2Lp3tLxv,202409,165.0
bjS2Lp3tLxv,202410,162.0
bjS2Lp3tLxv,202411,78.0
bjS2Lp3tLxv,202412,0.0
cMWLZfK0O4z,202201,0.0
cMWLZfK0O4z,202202,0.0
cMWLZfK0O4z,202203,0.0
cMWLZfK0O4z,202204,1.0
cMWLZfK0O4z,202205,0.0
cMWLZfK0O4z,202206,1.0
cMWLZfK0O4z,202207,13.0
cMWLZfK0O4z,202208,36.0
cMWLZfK0O4z,202209,87.0
cMWLZfK0O4z,202210,15.0
cMWLZfK0O4z,202211,9.0
cMWLZfK0O4z,202212,3.0
cMWLZfK0O4z,202301,0.0
cMWLZfK0O4z,202302,1.0
cMWLZfK0O4z,202303,1.0
cMWLZfK0O4z,202304,0.0
cMWLZfK0O4z,202305,9.0
cMWLZfK0O4z,202306,2.0
cMWLZfK0O4z,202307,9.0
cMWLZfK0O4z,202308,65.0
cMWLZfK0O4z,202309,93.0
cMWLZfK0O4z,202310,57.0
cMWLZfK0O4z,202311,3.0
cMWLZfK0O4z,202312,0.0
cMWLZfK0O4z,202401,0.0
cMWLZfK0O4z,202402,1.0
cMWLZfK0O4z,202403,2.0
cMWLZfK0O4z,202404,2.0
cMWLZfK0O4z,202405,6.0
cMWLZfK0O4z,202406,9.0
cMWLZfK0O4z,202407,9.0
cMWLZfK0O4z,202408,41.0
cMWLZfK0O4z,202409,55.0
cMWLZfK0O4z,202410,33.0
cMWLZfK0O4z,202411,23.0
cMWLZfK0O4z,202412,0.0
eW2b8SUYRWt,202201,0.0
eW2b8SUYRWt,202202,0.0
eW2b8SUYRWt,202203,0.0
eW2b8SUYRWt,202204,0.0
eW2b8SUYRWt,202205,0.0
eW2b8SUYRWt,202206,0.0
eW2b8SUYRWt,202207,0.0
eW2b8SUYRWt,202208,4.0
eW2b8SUYRWt,202209,54.0
eW2b8SUYRWt,202210,77.0
eW2b8SUYRWt,202211,8.0
eW2b8SUYRWt,202212,2.0
eW2b8SUYRWt,202301,0.0
eW2b8SUYRWt,202302,0.0
eW2b8SUYRWt,202303,0.0
eW2b8SUYRWt,202304,0.0
eW2b8SUYRWt,202305,0.0
eW2b8SUYRWt,202306,7.0
eW2b8SUYRWt,202307,144.0
eW2b8SUYRWt,202308,187.0
eW2b8SUYRWt,202309,100.0
eW2b8SUYRWt,202310,167.0
eW2b8SUYRWt,202311,0.0
eW2b8SUYRWt,202312,0.0
eW2b8SUYRWt,202401,2.0
eW2b8SUYRWt,202402,5.0
eW2b8SUYRWt,202403,5.0
eW2b8SUYRWt,202404,1.0
eW2b8SUYRWt,202405,2.0
eW2b8SUYRWt,202406,29.0
eW2b8SUYRWt,202407,15.0
eW2b8SUYRWt,202408,17.0
eW2b8SUYRWt,202409,26.0
eW2b8SUYRWt,202410,7.0
eW2b8SUYRWt,202411,4.0
eW2b8SUYRWt,202412,0.0
ebbAyOhorzo,202201,0.0
ebbAyOhorzo,202202,0.0
ebbAyOhorzo,202203,0.0
ebbAyOhorzo,202204,0.0
ebbAyOhorzo,202205,0.0
ebbAyOhorzo,202206,1.0
ebbAyOhorzo,202207,16.0
ebbAyOhorzo,202208,23.0
ebbAyOhorzo,202209,33.0
ebbAyOhorzo,202210,33.0
ebbAyOhorzo,202211,15.0
ebbAyOhorzo,202212,2.0
ebbAyOhorzo,202301,0.0
ebbAyOhorzo,202302,0.0
ebbAyOhorzo,202303,2.0
ebbAyOhorzo,202304,0.0
ebbAyOhorzo,202305,0.0
ebbAyOhorzo,202306,0.0
ebbAyOhorzo,202307,1.0
ebbAyOhorzo,202308,7.0
ebbAyOhorzo,202309,20.0
ebbAyOhorzo,202310,16.0
ebbAyOhorzo,202311,2.0
ebbAyOhorzo,202312,2.0
ebbAyOhorzo,202401,1.0
ebbAyOhorzo,202402,0.0
ebbAyOhorzo,202403,2.0
ebbAyOhorzo,202404,0.0
ebbAyOhorzo,202405,0.0
ebbAyOhorzo,202406,1.0
ebbAyOhorzo,202407,4.0
ebbAyOhorzo,202408,8.0
ebbAyOhorzo,202409,13.0
ebbAyOhorzo,202410,22.0
ebbAyOhorzo,202411,24.0
ebbAyOhorzo,202412,1.0
elOK8Y2b3Qn,202201,0.0
elOK8Y2b3Qn,202202,0.0
elOK8Y2b3Qn,202203,0.0
elOK8Y2b3Qn,202204,0.0
elOK8Y2b3Qn,202205,1.0
elOK8Y2b3Qn,202206,1.0
elOK8Y2b3Qn,202207,35.0
elOK8Y2b3Qn,202208,727.0
elOK8Y2b3Qn,202209,9891.0
elOK8Y2b3Qn,202210,2911.0
elOK8Y2b3Qn,202211,761.0
elOK8Y2b3Qn,202212,49.0
elOK8Y2b3Qn,202301,10.0
elOK8Y2b3Qn,202302,4.0
elOK8Y2b3Qn,202303,4.0
elOK8Y2b3Qn,202304,1.0
elOK8Y2b3Qn,202305,2.0
elOK8Y2b3Qn,202306,11.0
elOK8Y2b3Qn,202307,64.0
elOK8Y2b3Qn,202308,333.0
elOK8Y2b3Qn,202309,634.0
elOK8Y2b3Qn,202310,878.0
elOK8Y2b3Qn,202311,108.0
elOK8Y2b3Qn,202312,27.0
elOK8Y2b3Qn,202401,16.0
elOK8Y2b3Qn,202402,7.0
elOK8Y2b3Qn,202403,14.0
elOK8Y2b3Qn,202404,36.0
elOK8Y2b3Qn,202405,32.0
elOK8Y2b3Qn,202406,51.0
elOK8Y2b3Qn,202407,109.0
elOK8Y2b3Qn,202408,282.0
elOK8Y2b3Qn,202409,1521.0
elOK8Y2b3Qn,202410,2518.0
elOK8Y2b3Qn,202411,1305.0
elOK8Y2b3Qn,202412,28.0
ewPc6zXy53n,202201,0.0
ewPc6zXy53n,202202,0.0
ewPc6zXy53n,202203,0.0
ewPc6zXy53n,202204,0.0
ewPc6zXy53n,202205,0.0
ewPc6zXy53n,202206,0.0
ewPc6zXy53n,202207,0.0
ewPc6zXy53n,202208,0.0
ewPc6zXy53n,202209,2.0
ewPc6zXy53n,202210,1.0
ewPc6zXy53n,202211,0.0
ewPc6zXy53n,202212,0.0
ewPc6zXy53n,202301,0.0
ewPc6zXy53n,202302,0.0
ewPc6zXy53n,202303,0.0
ewPc6zXy53n,202304,0.0
ewPc6zXy53n,202305,0.0
ewPc6zXy53n,202306,0.0
ewPc6zXy53n,202307,0.0
ewPc6zXy53n,202308,0.0
ewPc6zXy53n,202309,1.0
ewPc6zXy53n,202310,0.0
ewPc6zXy53n,202311,1.0
ewPc6zXy53n,202312,0.0
ewPc6zXy53n,202401,0.0
ewPc6zXy53n,202402,0.0
ewPc6zXy53n,202403,0.0
ewPc6zXy53n,202404,0.0
ewPc6zXy53n,202405,0.0
ewPc6zXy53n,202406,0.0
ewPc6zXy53n,202407,0.0
ewPc6zXy53n,202408,0.0
ewPc6zXy53n,202409,0.0
ewPc6zXy53n,202410,0.0
ewPc6zXy53n,202411,0.0
ewPc6zXy53n,202412,0.0
gannbFbizVo,202201,0.0
gannbFbizVo,202202,1.0
gannbFbizVo,202203,1.0
gannbFbizVo,202204,1.0
gannbFbizVo,202205,0.0
gannbFbizVo,202206,0.0
gannbFbizVo,202207,4.0
gannbFbizVo,202208,17.0
gannbFbizVo,202209,93.0
gannbFbizVo,202210,63.0
gannbFbizVo,202211,21.0
gannbFbizVo,202212,20.0
gannbFbizVo,202301,11.0
gannbFbizVo,202302,11.0
gannbFbizVo,202303,0.0
gannbFbizVo,202304,0.0
gannbFbizVo,202305,0.0
gannbFbizVo,202306,1.0
gannbFbizVo,202307,5.0
gannbFbizVo,202308,18.0
gannbFbizVo,202309,15.0
gannbFbizVo,202310,21.0
gannbFbizVo,202311,2.0
gannbFbizVo,202312,1.0
gannbFbizVo,202401,2.0
gannbFbizVo,202402,7.0
gannbFbizVo,202403,0.0
gannbFbizVo,202404,1.0
gannbFbizVo,202405,1.0
gannbFbizVo,202406,1.0
gannbFbizVo,202407,3.0
gannbFbizVo,202408,6.0
gannbFbizVo,202409,36.0
gannbFbizVo,202410,52.0
gannbFbizVo,202411,18.0
gannbFbizVo,202412,0.0
grMJpaDdSrD,202201,0.0
grMJpaDdSrD,202202,0.0
grMJpaDdSrD,202203,0.0
grMJpaDdSrD,202204,0.0
grMJpaDdSrD,202205,0.0
grMJpaDdSrD,202206,0.0
grMJpaDdSrD,202207,0.0
grMJpaDdSrD,202208,3.0
grMJpaDdSrD,202209,53.0
grMJpaDdSrD,202210,81.0
grMJpaDdSrD,202211,14.0
grMJpaDdSrD,202212,1.0
grMJpaDdSrD,202301,0.0
grMJpaDdSrD,202302,1.0
grMJpaDdSrD,202303,1.0
grMJpaDdSrD,202304,0.0
grMJpaDdSrD,202305,0.0
grMJpaDdSrD,202306,6.0
grMJpaDdSrD,202307,81.0
grMJpaDdSrD,202308,74.0
grMJpaDdSrD,202309,15.0
grMJpaDdSrD,202310,7.0
grMJpaDdSrD,202311,1.0
grMJpaDdSrD,202312,0.0
grMJpaDdSrD,202401,2.0
grMJpaDdSrD,202402,0.0
grMJpaDdSrD,202403,1.0
grMJpaDdSrD,202404,0.0
grMJpaDdSrD,202405,2.0
grMJpaDdSrD,202406,0.0
grMJpaDdSrD,202407,4.0
grMJpaDdSrD,202408,24.0
grMJpaDdSrD,202409,68.0
grMJpaDdSrD,202410,65.0
grMJpaDdSrD,202411,12.0
grMJpaDdSrD,202412,0.0
hasbXH0dTqM,202201,0.0
hasbXH0dTqM,202202,0.0
hasbXH0dTqM,202203,0.0
hasbXH0dTqM,202204,0.0
hasbXH0dTqM,202205,0.0
hasbXH0dTqM,202206,2.0
hasbXH0dTqM,202207,7.0
hasbXH0dTqM,202208,3.0
hasbXH0dTqM,202209,29.0
hasbXH0dTqM,202210,55.0
hasbXH0dTqM,202211,9.0
hasbXH0dTqM,202212,1.0
hasbXH0dTqM,202301,0.0
hasbXH0dTqM,202302,0.0
hasbXH0dTqM,202303,0.0
hasbXH0dTqM,202304,1.0
hasbXH0dTqM,202305,0.0
hasbXH0dTqM,202306,6.0
hasbXH0dTqM,202307,41.0
hasbXH0dTqM,202308,107.0
hasbXH0dTqM,202309,120.0
hasbXH0dTqM,202310,160.0
hasbXH0dTqM,202311,21.0
hasbXH0dTqM,202312,2.0
hasbXH0dTqM,202401,4.0
hasbXH0dTqM,202402,4.0
hasbXH0dTqM,202403,2.0
hasbXH0dTqM,202404,4.0
hasbXH0dTqM,202405,9.0
hasbXH0dTqM,202406,15.0
hasbXH0dTqM,202407,23.0
hasbXH0dTqM,202408,40.0
hasbXH0dTqM,202409,43.0
hasbXH0dTqM,202410,33.0
hasbXH0dTqM,202411,16.0
hasbXH0dTqM,202412,0.0
i6gMyoP9ReK,202201,0.0
i6gMyoP9ReK,202202,0.0
i6gMyoP9ReK,202203,0.0
i6gMyoP9ReK,202204,0.0
i6gMyoP9ReK,202205,0.0
i6gMyoP9ReK,202206,0.0
i6gMyoP9ReK,202207,2.0
i6gMyoP9ReK,202208,4.0
i6gMyoP9ReK,202209,114.0
i6gMyoP9ReK,202210,252.0
i6gMyoP9ReK,202211,18.0
i6gMyoP9ReK,202212,26.0
i6gMyoP9ReK,202301,6.0
i6gMyoP9ReK,202302,2.0
i6gMyoP9ReK,202303,3.0
i6gMyoP9ReK,202304,1.0
i6gMyoP9ReK,202305,1.0
i6gMyoP9ReK,202306,667.0
i6gMyoP9ReK,202307,3731.0
i6gMyoP9ReK,202308,7248.0
i6gMyoP9ReK,202309,4407.0
i6gMyoP9ReK,202310,94.0
i6gMyoP9ReK,202311,9.0
i6gMyoP9ReK,202312,5.0
i6gMyoP9ReK,202401,5.0
i6gMyoP9ReK,202402,3.0
i6gMyoP9ReK,202403,2.0
i6gMyoP9ReK,202404,4.0
i6gMyoP9ReK,202405,3.0
i6gMyoP9ReK,202406,4.0
i6gMyoP9ReK,202407,11.0
i6gMyoP9ReK,202408,36.0
i6gMyoP9ReK,202409,112.0
i6gMyoP9ReK,202410,72.0
i6gMyoP9ReK,202411,48.0
i6gMyoP9ReK,202412,1.0
iqLM1XBMxyu,202201,0.0
iqLM1XBMxyu,202202,0.0
iqLM1XBMxyu,202203,0.0
iqLM1XBMxyu,202204,1.0
iqLM1XBMxyu,202205,0.0
iqLM1XBMxyu,202206,0.0
iqLM1XBMxyu,202207,3.0
iqLM1XBMxyu,202208,6.0
iqLM1XBMxyu,202209,84.0
iqLM1XBMxyu,202210,130.0
iqLM1XBMxyu,202211,37.0
iqLM1XBMxyu,202212,9.0
iqLM1XBMxyu,202301,2.0
iqLM1XBMxyu,202302,1.0
iqLM1XBMxyu,202303,0.0
iqLM1XBMxyu,202304,27.0
iqLM1XBMxyu,202305,35.0
iqLM1XBMxyu,202306,42.0
iqLM1XBMxyu,202307,101.0
iqLM1XBMxyu,202308,57.0
iqLM1XBMxyu,202309,331.0
iqLM1XBMxyu,202310,1946.0
iqLM1XBMxyu,202311,473.0
iqLM1XBMxyu,202312,54.0
iqLM1XBMxyu,202401,30.0
iqLM1XBMxyu,202402,3.0
iqLM1XBMxyu,202403,2.0
iqLM1XBMxyu,202404,8.0
iqLM1XBMxyu,202405,16.0
iqLM1XBMxyu,202406,22.0
iqLM1XBMxyu,202407,206.0
iqLM1XBMxyu,202408,1523.0
iqLM1XBMxyu,202409,3578.0
iqLM1XBMxyu,202410,1877.0
iqLM1XBMxyu,202411,391.0
iqLM1XBMxyu,202412,11.0
j0gE31YxwHQ,202201,0.0
j0gE31YxwHQ,202202,0.0
j0gE31YxwHQ,202203,0.0
j0gE31YxwHQ,202204,0.0
j0gE31YxwHQ,202205,0.0
j0gE31YxwHQ,202206,3.0
j0gE31YxwHQ,202207,4.0
j0gE31YxwHQ,202208,24.0
j0gE31YxwHQ,202209,995.0
j0gE31YxwHQ,202210,1509.0
j0gE31YxwHQ,202211,638.0
j0gE31YxwHQ,202212,40.0
j0gE31YxwHQ,202301,14.0
j0gE31YxwHQ,202302,1.0
j0gE31YxwHQ,202303,1.0
j0gE31YxwHQ,202304,0.0
j0gE31YxwHQ,202305,0.0
j0gE31YxwHQ,202306,5.0
j0gE31YxwHQ,202307,25.0
j0gE31YxwHQ,202308,53.0
j0gE31YxwHQ,202309,89.0
j0gE31YxwHQ,202310,138.0
j0gE31YxwHQ,202311,62.0
j0gE31YxwHQ,202312,14.0
j0gE31YxwHQ,202401,10.0
j0gE31YxwHQ,202402,10.0
j0gE31YxwHQ,202403,11.0
j0gE31YxwHQ,202404,25.0
j0gE31YxwHQ,202405,16.0
j0gE31YxwHQ,202406,7.0
j0gE31YxwHQ,202407,134.0
j0gE31YxwHQ,202408,312.0
j0gE31YxwHQ,202409,318.0
j0gE31YxwHQ,202410,287.0
j0gE31YxwHQ,202411,129.0
j0gE31YxwHQ,202412,3.0
j4HVtKmVtwQ,202201,1.0
j4HVtKmVtwQ,202202,0.0
j4HVtKmVtwQ,202203,0.0
j4HVtKmVtwQ,202204,0.0
j4HVtKmVtwQ,202205,2.0
j4HVtKmVtwQ,202206,0.0
j4HVtKmVtwQ,202207,0.0
j4HVtKmVtwQ,202208,9.0
j4HVtKmVtwQ,202209,87.0
j4HVtKmVtwQ,202210,186.0
j4HVtKmVtwQ,202211,45.0
j4HVtKmVtwQ,202212,5.0
j4HVtKmVtwQ,202301,1.0
j4HVtKmVtwQ,202302,1.0
j4HVtKmVtwQ,202303,0.0
j4HVtKmVtwQ,202304,1.0
j4HVtKmVtwQ,202305,0.0
j4HVtKmVtwQ,202306,0.0
j4HVtKmVtwQ,202307,4.0
j4HVtKmVtwQ,202308,23.0
j4HVtKmVtwQ,202309,17.0
j4HVtKmVtwQ,202310,10.0
j4HVtKmVtwQ,202311,6.0
j4HVtKmVtwQ,202312,1.0
j4HVtKmVtwQ,202401,2.0
j4HVtKmVtwQ,202402,2.0
j4HVtKmVtwQ,202403,1.0
j4HVtKmVtwQ,202404,1.0
j4HVtKmVtwQ,202405,2.0
j4HVtKmVtwQ,202406,3.0
j4HVtKmVtwQ,202407,3.0
j4HVtKmVtwQ,202408,9.0
j4HVtKmVtwQ,202409,33.0
j4HVtKmVtwQ,202410,51.0
j4HVtKmVtwQ,202411,30.0
j4HVtKmVtwQ,202412,0.0
jJmNryYp6Mc,202201,0.0
jJmNryYp6Mc,202202,0.0
jJmNryYp6Mc,202203,0.0
jJmNryYp6Mc,202204,0.0
jJmNryYp6Mc,202205,0.0
jJmNryYp6Mc,202206,0.0
jJmNryYp6Mc,202207,0.0
jJmNryYp6Mc,202208,1.0
jJmNryYp6Mc,202209,7.0
jJmNryYp6Mc,202210,4.0
jJmNryYp6Mc,202211,0.0
jJmNryYp6Mc,202212,0.0
jJmNryYp6Mc,202301,0.0
jJmNryYp6Mc,202302,0.0
jJmNryYp6Mc,202303,0.0
jJmNryYp6Mc,202304,0.0
jJmNryYp6Mc,202305,0.0
jJmNryYp6Mc,202306,0.0
jJmNryYp6Mc,202307,0.0
jJmNryYp6Mc,202308,0.0
jJmNryYp6Mc,202309,11.0
jJmNryYp6Mc,202310,1.0
jJmNryYp6Mc,202311,0.0
jJmNryYp6Mc,202312,0.0
jJmNryYp6Mc,202401,0.0
jJmNryYp6Mc,202402,0.0
jJmNryYp6Mc,202403,0.0
jJmNryYp6Mc,202404,0.0
jJmNryYp6Mc,202405,0.0
jJmNryYp6Mc,202406,1.0
jJmNryYp6Mc,202407,1.0
jJmNryYp6Mc,202408,1.0
jJmNryYp6Mc,202409,2.0
jJmNryYp6Mc,202410,5.0
jJmNryYp6Mc,202411,1.0
jJmNryYp6Mc,202412,0.0
kBRVmS9IKRE,202201,0.0
kBRVmS9IKRE,202202,0.0
kBRVmS9IKRE,202203,0.0
kBRVmS9IKRE,202204,3.0
kBRVmS9IKRE,202205,2.0
kBRVmS9IKRE,202206,0.0
kBRVmS9IKRE,202207,0.0
kBRVmS9IKRE,202208,1.0
kBRVmS9IKRE,202209,451.0
kBRVmS9IKRE,202210,13.0
kBRVmS9IKRE,202211,0.0
kBRVmS9IKRE,202212,2.0
kBRVmS9IKRE,202301,0.0
kBRVmS9IKRE,202302,0.0
kBRVmS9IKRE,202303,2.0
kBRVmS9IKRE,202304,1.0
kBRVmS9IKRE,202305,0.0
kBRVmS9IKRE,202306,1.0
kBRVmS9IKRE,202307,0.0
kBRVmS9IKRE,202308,9.0
kBRVmS9IKRE,202309,32.0
kBRVmS9IKRE,202310,17.0
kBRVmS9IKRE,202311,0.0
kBRVmS9IKRE,202312,0.0
kBRVmS9IKRE,202401,0.0
kBRVmS9IKRE,202402,0.0
kBRVmS9IKRE,202403,2.0
kBRVmS9IKRE,202404,0.0
kBRVmS9IKRE,202405,0.0
kBRVmS9IKRE,202406,1.0
kBRVmS9IKRE,202407,9.0
kBRVmS9IKRE,202408,37.0
kBRVmS9IKRE,202409,55.0
kBRVmS9IKRE,202410,33.0
kBRVmS9IKRE,202411,19.0
kBRVmS9IKRE,202412,0.0
kfrKchZfqGr,202201,0.0
kfrKchZfqGr,202202,0.0
kfrKchZfqGr,202203,0.0
kfrKchZfqGr,202204,0.0
kfrKchZfqGr,202205,0.0
kfrKchZfqGr,202206,0.0
kfrKchZfqGr,202207,2.0
kfrKchZfqGr,202208,1.0
kfrKchZfqGr,202209,86.0
kfrKchZfqGr,202210,182.0
kfrKchZfqGr,202211,78.0
kfrKchZfqGr,202212,10.0
kfrKchZfqGr,202301,0.0
kfrKchZfqGr,202302,0.0
kfrKchZfqGr,202303,0.0
kfrKchZfqGr,202304,1.0
kfrKchZfqGr,202305,4.0
kfrKchZfqGr,202306,7.0
kfrKchZfqGr,202307,3.0
kfrKchZfqGr,202308,133.0
kfrKchZfqGr,202309,1764.0
kfrKchZfqGr,202310,4605.0
kfrKchZfqGr,202311,650.0
kfrKchZfqGr,202312,26.0
kfrKchZfqGr,202401,8.0
kfrKchZfqGr,202402,0.0
kfrKchZfqGr,202403,2.0
kfrKchZfqGr,202404,11.0
kfrKchZfqGr,202405,17.0
kfrKchZfqGr,202406,9.0
kfrKchZfqGr,202407,274.0
kfrKchZfqGr,202408,853.0
kfrKchZfqGr,202409,587.0
kfrKchZfqGr,202410,545.0
kfrKchZfqGr,202411,242.0
kfrKchZfqGr,202412,3.0
l8tZrJ55yzg,202201,0.0
l8tZrJ55yzg,202202,0.0
l8tZrJ55yzg,202203,0.0
l8tZrJ55yzg,202204,0.0
l8tZrJ55yzg,202205,0.0
l8tZrJ55yzg,202206,0.0
l8tZrJ55yzg,202207,2.0
l8tZrJ55yzg,202208,12.0
l8tZrJ55yzg,202209,64.0
l8tZrJ55yzg,202210,42.0
l8tZrJ55yzg,202211,37.0
l8tZrJ55yzg,202212,18.0
l8tZrJ55yzg,202301,5.0
l8tZrJ55yzg,202302,3.0
l8tZrJ55yzg,202303,0.0
l8tZrJ55yzg,202304,2.0
l8tZrJ55yzg,202305,2.0
l8tZrJ55yzg,202306,4.0
l8tZrJ55yzg,202307,0.0
l8tZrJ55yzg,202308,23.0
l8tZrJ55yzg,202309,26.0
l8tZrJ55yzg,202310,60.0
l8tZrJ55yzg,202311,8.0
l8tZrJ55yzg,202312,1.0
l8tZrJ55yzg,202401,6.0
l8tZrJ55yzg,202402,3.0
l8tZrJ55yzg,202403,4.0
l8tZrJ55yzg,202404,3.0
l8tZrJ55yzg,202405,4.0
l8tZrJ55yzg,202406,3.0
l8tZrJ55yzg,202407,11.0
l8tZrJ55yzg,202408,29.0
l8tZrJ55yzg,202409,63.0
l8tZrJ55yzg,202410,67.0
l8tZrJ55yzg,202411,31.0
l8tZrJ55yzg,202412,1.0
mMGyx6JG7wj,202201,0.0
mMGyx6JG7wj,202202,0.0
mMGyx6JG7wj,202203,0.0
mMGyx6JG7wj,202204,0.0
mMGyx6JG7wj,202205,0.0
mMGyx6JG7wj,202206,1.0
mMGyx6JG7wj,202207,27.0
mMGyx6JG7wj,202208,38.0
mMGyx6JG7wj,202209,46.0
mMGyx6JG7wj,202210,46.0
mMGyx6JG7wj,202211,12.0
mMGyx6JG7wj,202212,2.0
mMGyx6JG7wj,202301,1.0
mMGyx6JG7wj,202302,0.0
mMGyx6JG7wj,202303,4.0
mMGyx6JG7wj,202304,1.0
mMGyx6JG7wj,202305,0.0
mMGyx6JG7wj,202306,2.0
mMGyx6JG7wj,202307,6.0
mMGyx6JG7wj,202308,13.0
mMGyx6JG7wj,202309,22.0
mMGyx6JG7wj,202310,15.0
mMGyx6JG7wj,202311,5.0
mMGyx6JG7wj,202312,1.0
mMGyx6JG7wj,202401,2.0
mMGyx6JG7wj,202402,3.0
mMGyx6JG7wj,202403,1.0
mMGyx6JG7wj,202404,1.0
mMGyx6JG7wj,202405,0.0
mMGyx6JG7wj,202406,3.0
mMGyx6JG7wj,202407,5.0
mMGyx6JG7wj,202408,12.0
mMGyx6JG7wj,202409,43.0
mMGyx6JG7wj,202410,45.0
mMGyx6JG7wj,202411,36.0
mMGyx6JG7wj,202412,2.0
q7VB2VrUr83,202201,0.0
q7VB2VrUr83,202202,0.0
q7VB2VrUr83,202203,0.0
q7VB2VrUr83,202204,1.0
q7VB2VrUr83,202205,0.0
q7VB2VrUr83,202206,0.0
q7VB2VrUr83,202207,1.0
q7VB2VrUr83,202208,1.0
q7VB2VrUr83,202209,43.0
q7VB2VrUr83,202210,6.0
q7VB2VrUr83,202211,14.0
q7VB2VrUr83,202212,5.0
q7VB2VrUr83,202301,7.0
q7VB2VrUr83,202302,8.0
q7VB2VrUr83,202303,0.0
q7VB2VrUr83,202304,6.0
q7VB2VrUr83,202305,6.0
q7VB2VrUr83,202306,4.0
q7VB2VrUr83,202307,27.0
q7VB2VrUr83,202308,11.0
q7VB2VrUr83,202309,1.0
q7VB2VrUr83,202310,38.0
q7VB2VrUr83,202311,2.0
q7VB2VrUr83,202312,3.0
q7VB2VrUr83,202401,6.0
q7VB2VrUr83,202402,3.0
q7VB2VrUr83,202403,2.0
q7VB2VrUr83,202404,1.0
q7VB2VrUr83,202405,1.0
q7VB2VrUr83,202406,7.0
q7VB2VrUr83,202407,11.0
q7VB2VrUr83,202408,28.0
q7VB2VrUr83,202409,114.0
q7VB2VrUr83,202410,185.0
q7VB2VrUr83,202411,76.0
q7VB2VrUr83,202412,0.0
qoayxucpZqH,202201,0.0
qoayxucpZqH,202202,0.0
qoayxucpZqH,202203,0.0
qoayxucpZqH,202204,0.0
qoayxucpZqH,202205,0.0
qoayxucpZqH,202206,0.0
qoayxucpZqH,202207,0.0
qoayxucpZqH,202208,0.0
qoayxucpZqH,202209,2.0
qoayxucpZqH,202210,6.0
qoayxucpZqH,202211,0.0
qoayxucpZqH,202212,0.0
qoayxucpZqH,202301,0.0
qoayxucpZqH,202302,0.0
qoayxucpZqH,202303,11.0
qoayxucpZqH,202304,0.0
qoayxucpZqH,202305,0.0
qoayxucpZqH,202306,0.0
qoayxucpZqH,202307,0.0
qoayxucpZqH,202308,0.0
qoayxucpZqH,202309,0.0
qoayxucpZqH,202310,3.0
qoayxucpZqH,202311,0.0
qoayxucpZqH,202312,0.0
qoayxucpZqH,202401,0.0
qoayxucpZqH,202402,0.0
qoayxucpZqH,202403,0.0
qoayxucpZqH,202404,0.0
qoayxucpZqH,202405,0.0
qoayxucpZqH,202406,0.0
qoayxucpZqH,202407,1.0
qoayxucpZqH,202408,0.0
qoayxucpZqH,202409,12.0
qoayxucpZqH,202410,4.0
qoayxucpZqH,202411,3.0
qoayxucpZqH,202412,0.0
rsZaqJl5R0A,202201,0.0
rsZaqJl5R0A,202202,0.0
rsZaqJl5R0A,202203,0.0
rsZaqJl5R0A,202204,0.0
rsZaqJl5R0A,202205,0.0
rsZaqJl5R0A,202206,0.0
rsZaqJl5R0A,202207,221.0
rsZaqJl5R0A,202208,337.0
rsZaqJl5R0A,202209,2452.0
rsZaqJl5R0A,202210,2220.0
rsZaqJl5R0A,202211,590.0
rsZaqJl5R0A,202212,17.0
rsZaqJl5R0A,202301,1.0
rsZaqJl5R0A,202302,0.0
rsZaqJl5R0A,202303,2.0
rsZaqJl5R0A,202304,1.0
rsZaqJl5R0A,202305,0.0
rsZaqJl5R0A,202306,3.0
rsZaqJl5R0A,202307,7.0
rsZaqJl5R0A,202308,27.0
rsZaqJl5R0A,202309,45.0
rsZaqJl5R0A,202310,47.0
rsZaqJl5R0A,202311,8.0
rsZaqJl5R0A,202312,2.0
rsZaqJl5R0A,202401,11.0
rsZaqJl5R0A,202402,11.0
rsZaqJl5R0A,202403,13.0
rsZaqJl5R0A,202404,12.0
rsZaqJl5R0A,202405,9.0
rsZaqJl5R0A,202406,9.0
rsZaqJl5R0A,202407,15.0
rsZaqJl5R0A,202408,44.0
rsZaqJl5R0A,202409,98.0
rsZaqJl5R0A,202410,160.0
rsZaqJl5R0A,202411,112.0
rsZaqJl5R0A,202412,0.0
t9XsLKdMwA1,202201,2.0
t9XsLKdMwA1,202202,0.0
t9XsLKdMwA1,202203,0.0
t9XsLKdMwA1,202204,0.0
t9XsLKdMwA1,202205,2.0
t9XsLKdMwA1,202206,4.0
t9XsLKdMwA1,202207,3.0
t9XsLKdMwA1,202208,14.0
t9XsLKdMwA1,202209,121.0
t9XsLKdMwA1,202210,40.0
t9XsLKdMwA1,202211,65.0
t9XsLKdMwA1,202212,22.0
t9XsLKdMwA1,202301,2.0
t9XsLKdMwA1,202302,12.0
t9XsLKdMwA1,202303,4.0
t9XsLKdMwA1,202304,7.0
t9XsLKdMwA1,202305,4.0
t9XsLKdMwA1,202306,5.0
t9XsLKdMwA1,202307,23.0
t9XsLKdMwA1,202308,58.0
t9XsLKdMwA1,202309,61.0
t9XsLKdMwA1,202310,102.0
t9XsLKdMwA1,202311,25.0
t9XsLKdMwA1,202312,3.0
t9XsLKdMwA1,202401,6.0
t9XsLKdMwA1,202402,4.0
t9XsLKdMwA1,202403,7.0
t9XsLKdMwA1,202404,5.0
t9XsLKdMwA1,202405,4.0
t9XsLKdMwA1,202406,0.0
t9XsLKdMwA1,202407,9.0
t9XsLKdMwA1,202408,20.0
t9XsLKdMwA1,202409,59.0
t9XsLKdMwA1,202410,75.0
t9XsLKdMwA1,202411,38.0
t9XsLKdMwA1,202412,0.0
tSE6ctwvZmP,202201,0.0
tSE6ctwvZmP,202202,0.0
tSE6ctwvZmP,202203,0.0
tSE6ctwvZmP,202204,0.0
tSE6ctwvZmP,202205,0.0
tSE6ctwvZmP,202206,0.0
tSE6ctwvZmP,202207,0.0
tSE6ctwvZmP,202208,0.0
tSE6ctwvZmP,202209,6.0
tSE6ctwvZmP,202210,5.0
tSE6ctwvZmP,202211,0.0
tSE6ctwvZmP,202212,0.0
tSE6ctwvZmP,202301,0.0
tSE6ctwvZmP,202302,0.0
tSE6ctwvZmP,202303,0.0
tSE6ctwvZmP,202304,0.0
tSE6ctwvZmP,202305,1.0
tSE6ctwvZmP,202306,2.0
tSE6ctwvZmP,202307,4.0
tSE6ctwvZmP,202308,11.0
tSE6ctwvZmP,202309,5.0
tSE6ctwvZmP,202310,3.0
tSE6ctwvZmP,202311,2.0
tSE6ctwvZmP,202312,0.0
tSE6ctwvZmP,202401,1.0
tSE6ctwvZmP,202402,0.0
tSE6ctwvZmP,202403,0.0
tSE6ctwvZmP,202404,0.0
tSE6ctwvZmP,202405,0.0
tSE6ctwvZmP,202406,0.0
tSE6ctwvZmP,202407,0.0
tSE6ctwvZmP,202408,4.0
tSE6ctwvZmP,202409,6.0
tSE6ctwvZmP,202410,16.0
tSE6ctwvZmP,202411,4.0
tSE6ctwvZmP,202412,0.0
uHEl9oRZm8L,202201,0.0
uHEl9oRZm8L,202202,0.0
uHEl9oRZm8L,202203,0.0
uHEl9oRZm8L,202204,1.0
uHEl9oRZm8L,202205,0.0
uHEl9oRZm8L,202206,11.0
uHEl9oRZm8L,202207,30.0
uHEl9oRZm8L,202208,15.0
uHEl9oRZm8L,202209,64.0
uHEl9oRZm8L,202210,144.0
uHEl9oRZm8L,202211,39.0
uHEl9oRZm8L,202212,14.0
uHEl9oRZm8L,202301,0.0
uHEl9oRZm8L,202302,1.0
uHEl9oRZm8L,202303,0.0
uHEl9oRZm8L,202304,0.0
uHEl9oRZm8L,202305,13.0
uHEl9oRZm8L,202306,35.0
uHEl9oRZm8L,202307,63.0
uHEl9oRZm8L,202308,310.0
uHEl9oRZm8L,202309,467.0
uHEl9oRZm8L,202310,244.0
uHEl9oRZm8L,202311,20.0
uHEl9oRZm8L,202312,2.0
uHEl9oRZm8L,202401,3.0
uHEl9oRZm8L,202402,8.0
uHEl9oRZm8L,202403,6.0
uHEl9oRZm8L,202404,6.0
uHEl9oRZm8L,202405,4.0
uHEl9oRZm8L,202406,5.0
uHEl9oRZm8L,202407,27.0
uHEl9oRZm8L,202408,32.0
uHEl9oRZm8L,202409,50.0
uHEl9oRZm8L,202410,25.0
uHEl9oRZm8L,202411,7.0
uHEl9oRZm8L,202412,0.0
uyGkoQ4F9rT,202201,0.0
uyGkoQ4F9rT,202202,0.0
uyGkoQ4F9rT,202203,0.0
uyGkoQ4F9rT,202204,0.0
uyGkoQ4F9rT,202205,0.0
uyGkoQ4F9rT,202206,1.0
uyGkoQ4F9rT,202207,1.0
uyGkoQ4F9rT,202208,5.0
uyGkoQ4F9rT,202209,23.0
uyGkoQ4F9rT,202210,8.0
uyGkoQ4F9rT,202211,4.0
uyGkoQ4F9rT,202212,0.0
uyGkoQ4F9rT,202301,0.0
uyGkoQ4F9rT,202302,1.0
uyGkoQ4F9rT,202303,1.0
uyGkoQ4F9rT,202304,0.0
uyGkoQ4F9rT,202305,0.0
uyGkoQ4F9rT,202306,2.0
uyGkoQ4F9rT,202307,5.0
uyGkoQ4F9rT,202308,20.0
uyGkoQ4F9rT,202309,10.0
uyGkoQ4F9rT,202310,9.0
uyGkoQ4F9rT,202311,2.0
uyGkoQ4F9rT,202312,0.0
uyGkoQ4F9rT,202401,0.0
uyGkoQ4F9rT,202402,0.0
uyGkoQ4F9rT,202403,1.0
uyGkoQ4F9rT,202404,0.0
uyGkoQ4F9rT,202405,2.0
uyGkoQ4F9rT,202406,2.0
uyGkoQ4F9rT,202407,3.0
uyGkoQ4F9rT,202408,6.0
uyGkoQ4F9rT,202409,53.0
uyGkoQ4F9rT,202410,85.0
uyGkoQ4F9rT,202411,21.0
uyGkoQ4F9rT,202412,0.0
vjL1uSC10Jh,202201,0.0
vjL1uSC10Jh,202202,0.0
vjL1uSC10Jh,202203,0.0
vjL1uSC10Jh,202204,0.0
vjL1uSC10Jh,202205,1.0
vjL1uSC10Jh,202206,0.0
vjL1uSC10Jh,202207,1.0
vjL1uSC10Jh,202208,5.0
vjL1uSC10Jh,202209,11.0
vjL1uSC10Jh,202210,7.0
vjL1uSC10Jh,202211,1.0
vjL1uSC10Jh,202212,0.0
vjL1uSC10Jh,202301,1.0
vjL1uSC10Jh,202302,0.0
vjL1uSC10Jh,202303,1.0
vjL1uSC10Jh,202304,0.0
vjL1uSC10Jh,202305,0.0
vjL1uSC10Jh,202306,2.0
vjL1uSC10Jh,202307,2.0
vjL1uSC10Jh,202308,32.0
vjL1uSC10Jh,202309,30.0
vjL1uSC10Jh,202310,13.0
vjL1uSC10Jh,202311,9.0
vjL1uSC10Jh,202312,3.0
vjL1uSC10Jh,202401,2.0
vjL1uSC10Jh,202402,4.0
vjL1uSC10Jh,202403,5.0
vjL1uSC10Jh,202404,1.0
vjL1uSC10Jh,202405,1.0
vjL1uSC10Jh,202406,2.0
vjL1uSC10Jh,202407,1.0
vjL1uSC10Jh,202408,7.0
vjL1uSC10Jh,202409,9.0
vjL1uSC10Jh,202410,11.0
vjL1uSC10Jh,202411,3.0
vjL1uSC10Jh,202412,0.0
wYKHZ0iyjfd,202201,0.0
wYKHZ0iyjfd,202202,0.0
wYKHZ0iyjfd,202203,7.0
wYKHZ0iyjfd,202204,4.0
wYKHZ0iyjfd,202205,6.0
wYKHZ0iyjfd,202206,0.0
wYKHZ0iyjfd,202207,4.0
wYKHZ0iyjfd,202208,6.0
wYKHZ0iyjfd,202209,68.0
wYKHZ0iyjfd,202210,92.0
wYKHZ0iyjfd,202211,18.0
wYKHZ0iyjfd,202212,10.0
wYKHZ0iyjfd,202301,5.0
wYKHZ0iyjfd,202302,1.0
wYKHZ0iyjfd,202303,1.0
wYKHZ0iyjfd,202304,1.0
wYKHZ0iyjfd,202305,2.0
wYKHZ0iyjfd,202306,2.0
wYKHZ0iyjfd,202307,4.0
wYKHZ0iyjfd,202308,15.0
wYKHZ0iyjfd,202309,12.0
wYKHZ0iyjfd,202310,9.0
wYKHZ0iyjfd,202311,1.0
wYKHZ0iyjfd,202312,1.0
wYKHZ0iyjfd,202401,0.0
wYKHZ0iyjfd,202402,0.0
wYKHZ0iyjfd,202403,0.0
wYKHZ0iyjfd,202404,1.0
wYKHZ0iyjfd,202405,7.0
wYKHZ0iyjfd,202406,2.0
wYKHZ0iyjfd,202407,3.0
wYKHZ0iyjfd,202408,6.0
wYKHZ0iyjfd,202409,24.0
wYKHZ0iyjfd,202410,30.0
wYKHZ0iyjfd,202411,14.0
wYKHZ0iyjfd,202412,2.0
xGQwwqLQ819,202201,0.0
xGQwwqLQ819,202202,0.0
xGQwwqLQ819,202203,0.0
xGQwwqLQ819,202204,0.0
xGQwwqLQ819,202205,0.0
xGQwwqLQ819,202206,0.0
xGQwwqLQ819,202207,0.0
xGQwwqLQ819,202208,2.0
xGQwwqLQ819,202209,12.0
xGQwwqLQ819,202210,7.0
xGQwwqLQ819,202211,2.0
xGQwwqLQ819,202212,0.0
xGQwwqLQ819,202301,0.0
xGQwwqLQ819,202302,0.0
xGQwwqLQ819,202303,0.0
xGQwwqLQ819,202304,0.0
xGQwwqLQ819,202305,0.0
xGQwwqLQ819,202306,0.0
xGQwwqLQ819,202307,1.0
xGQwwqLQ819,202308,2.0
xGQwwqLQ819,202309,9.0
xGQwwqLQ819,202310,13.0
xGQwwqLQ819,202311,4.0
xGQwwqLQ819,202312,0.0
xGQwwqLQ819,202401,0.0
xGQwwqLQ819,202402,0.0
xGQwwqLQ819,202403,1.0
xGQwwqLQ819,202404,1.0
xGQwwqLQ819,202405,0.0
xGQwwqLQ819,202406,1.0
xGQwwqLQ819,202407,2.0
xGQwwqLQ819,202408,12.0
xGQwwqLQ819,202409,17.0
xGQwwqLQ819,202410,14.0
xGQwwqLQ819,202411,7.0
xGQwwqLQ819,202412,0.0
yP2GELa6inf,202201,0.0
yP2GELa6inf,202202,0.0
yP2GELa6inf,202203,1.0
yP2GELa6inf,202204,0.0
yP2GELa6inf,202205,0.0
yP2GELa6inf,202206,2.0
yP2GELa6inf,202207,6.0
yP2GELa6inf,202208,21.0
yP2GELa6inf,202209,53.0
yP2GELa6inf,202210,32.0
yP2GELa6inf,202211,17.0
yP2GELa6inf,202212,2.0
yP2GELa6inf,202301,3.0
yP2GELa6inf,202302,2.0
yP2GELa6inf,202303,1.0
yP2GELa6inf,202304,0.0
yP2GELa6inf,202305,1.0
yP2GELa6inf,202306,1.0
yP2GELa6inf,202307,2.0
yP2GELa6inf,202308,4.0
yP2GELa6inf,202309,10.0
yP2GELa6inf,202310,18.0
yP2GELa6inf,202311,8.0
yP2GELa6inf,202312,2.0
yP2GELa6inf,202401,6.0
yP2GELa6inf,202402,2.0
yP2GELa6inf,202403,2.0
yP2GELa6inf,202404,4.0
yP2GELa6inf,202405,0.0
yP2GELa6inf,202406,0.0
yP2GELa6inf,202407,0.0
yP2GELa6inf,202408,9.0
yP2GELa6inf,202409,18.0
yP2GELa6inf,202410,15.0
yP2GELa6inf,202411,9.0
yP2GELa6inf,202412,0.0
ycBkX3TlIrL,202201,0.0
ycBkX3TlIrL,202202,0.0
ycBkX3TlIrL,202203,0.0
ycBkX3TlIrL,202204,0.0
ycBkX3TlIrL,202205,0.0
ycBkX3TlIrL,202206,0.0
ycBkX3TlIrL,202207,1.0
ycBkX3TlIrL,202208,1.0
ycBkX3TlIrL,202209,13.0
ycBkX3TlIrL,202210,18.0
ycBkX3TlIrL,202211,0.0
ycBkX3TlIrL,202212,0.0
ycBkX3TlIrL,202301,0.0
ycBkX3TlIrL,202302,0.0
ycBkX3TlIrL,202303,0.0
ycBkX3TlIrL,202304,0.0
ycBkX3TlIrL,202305,0.0
ycBkX3TlIrL,202306,1.0
ycBkX3TlIrL,202307,2.0
ycBkX3TlIrL,202308,5.0
ycBkX3TlIrL,202309,9.0
ycBkX3TlIrL,202310,7.0
ycBkX3TlIrL,202311,0.0
ycBkX3TlIrL,202312,0.0
ycBkX3TlIrL,202401,0.0
ycBkX3TlIrL,202402,0.0
ycBkX3TlIrL,202403,0.0
ycBkX3TlIrL,202404,1.0
ycBkX3TlIrL,202405,2.0
ycBkX3TlIrL,202406,1.0
ycBkX3TlIrL,202407,1.0
ycBkX3TlIrL,202408,4.0
ycBkX3TlIrL,202409,9.0
ycBkX3TlIrL,202410,5.0
ycBkX3TlIrL,202411,1.0
ycBkX3TlIrL,202412,0.0
zkFZKX5RX1A,202201,0.0
zkFZKX5RX1A,202202,0.0
zkFZKX5RX1A,202203,0.0
zkFZKX5RX1A,202204,0.0
zkFZKX5RX1A,202205,0.0
zkFZKX5RX1A,202206,0.0
zkFZKX5RX1A,202207,2.0
zkFZKX5RX1A,202208,3.0
zkFZKX5RX1A,202209,15.0
zkFZKX5RX1A,202210,4.0
zkFZKX5RX1A,202211,3.0
zkFZKX5RX1A,202212,0.0
zkFZKX5RX1A,202301,0.0
zkFZKX5RX1A,202302,0.0
zkFZKX5RX1A,202303,0.0
zkFZKX5RX1A,202304,1.0
zkFZKX5RX1A,202305,0.0
zkFZKX5RX1A,202306,1.0
zkFZKX5RX1A,202307,0.0
zkFZKX5RX1A,202308,5.0
zkFZKX5RX1A,202309,4.0
zkFZKX5RX1A,202310,5.0
zkFZKX5RX1A,202311,0.0
zkFZKX5RX1A,202312,0.0
zkFZKX5RX1A,202401,0.0
zkFZKX5RX1A,202402,0.0
zkFZKX5RX1A,202403,1.0
zkFZKX5RX1A,202404,0.0
zkFZKX5RX1A,202405,0.0
zkFZKX5RX1A,202406,1.0
zkFZKX5RX1A,202407,0.0
zkFZKX5RX1A,202408,1.0
zkFZKX5RX1A,202409,6.0
zkFZKX5RX1A,202410,9.0
zkFZKX5RX1A,202411,2.0
zkFZKX5RX1A,202412,0.0
